"Global GHG concentration data for CMIP6 historical runs, July 2016",,,,,,,,,,,,,,,,,,,,,,,,,,,,,,,,,,,,,,,,,,,,,,
"Reference: Malte Meinshausen, Elisabeth Vogel, Alexander Nauels, Katja Lorbacher, Nicolai Meinshausen, David Etheridge, Paul Fraser, Stephen A. Montzka, Peter Rayner, Cathy Trudinger, Paul Krummel, Urs Beyerle, Josep G. Canadell, John S. Daniel, Ian Enting, Rachel M. Law, Simon Oâ€™Doherty, Ron G. Prinn, Stefan Reimann, Mauro Rubino, Martin K. Vollmer, Ray Weiss (2016), Historical greenhouse gas concentrations, GMD Special Issue (please update for final reference) http://www.geosci-model-dev.net/special_issue590.html",,,,,,,,,,,,,,,,,,,,,,,,,,,,,,,,,,,,,,,,,,,,,,
Creation date: 02Jul2016_142118,,,,,,,,,,,,,,,,,,,,,,,,,,,,,,,,,,,,,,,,,,,,,,
"Contact: M.Meinshausen, malte.meinshausen@unimelb.edu.au, Tel: +61 3 90356760, The University of Melbourne & Potsdam Institute for Climate Impact Research",,,,,,,,,,,,,,,,,,,,,,,,,,,,,,,,,,,,,,,,,,,,,,
Assimilated datasources: NOAA and/or AGAGE station data in combination with multiple literature studies. See description in reference.,,,,,,,,,,,,,,,,,,,,,,,,,,,,,,,,,,,,,,,,,,,,,,
Time resolution: Annual Average concentrations,,,,,,,,,,,,,,,,,,,,,,,,,,,,,,,,,,,,,,,,,,,,,,
More info: www.climatecollege.unimelb.edu.au/cmip6,,,,,,,,,,,,,,,,,,,,,,,,,,,,,,,,,,,,,,,,,,,,,,
"Matching fields: The matching latitudinally and monthly resolved concentration fields available via https://pcmdi.llnl.gov/search/input4mips/, CMIP6 ",,,,,,,,,,,,,,,,,,,,,,,,,,,,,,,,,,,,,,,,,,,,,,
"Equivalence information: Equivalence substances CFC-11-eq (summarizing all gases, except CO2, CH4, N2O and CFC-12), CFC-12-eq (summarizing all ODS) and HFC-134a (summarizing all other flourinated compounds) were aggregated using approximate linear radiative efficiencies. This is only a rough approximation for CO2, CH4, and N2O.",,,,,,,,,,,,,,,,,,,,,,,,,,,,,,,,,,,,,,,,,,,,,,
,,,,,,,,,,,,,,,,,,,,,,,,,,,,,,,,,,,,,,,,,,,,,,
&THISFILE_SPECIFICATIONS,,,,,,,,,,,,,,,,,,,,,,,,,,,,,,,,,,,,,,,,,,,,,,
THISFILE_ANNUALSTEPS,1.00,,,,,,,,,,,,,,,,,,,,,,,,,,,,,,,,,,,,,,,,,,,,,
THISFILE_DATTYPE,RCPDAT,,,,,,,,,,,,,,,,,,,,,,,,,,,,,,,,,,,,,,,,,,,,,
THISFILE_FIRSTYEAR,0.00,,,,,,,,,,,,,,,,,,,,,,,,,,,,,,,,,,,,,,,,,,,,,
THISFILE_LASTYEAR,2014.00,,,,,,,,,,,,,,,,,,,,,,,,,,,,,,,,,,,,,,,,,,,,,
THISFILE_FIRSTDATAROW,23.00,,,,,,,,,,,,,,,,,,,,,,,,,,,,,,,,,,,,,,,,,,,,,
THISFILE_UNITS,Misc,,,,,,,,,,,,,,,,,,,,,,,,,,,,,,,,,,,,,,,,,,,,,
/,,,,,,,,,,,,,,,,,,,,,,,,,,,,,,,,,,,,,,,,,,,,,,
,,,,,,,,,,,,,,,,,,,,,,,,,,,,,,,,,,,,,,,,,,,,,,
COLUMN:,1.00,2,3,4,5,6,7,8,9,10,11,12,13,14,15,16,17,18,19,20,21,22,23,24,25,26,27,28,29,30,31,32,33,34,35,36,37,38,39,40,41,42,43,44,45,46
UNITS:,ppm,ppb,ppb,ppt,ppt,ppt,ppt,ppt,ppt,ppt,ppt,ppt,ppt,ppt,ppt,ppt,ppt,ppt,ppt,ppt,ppt,ppt,ppt,ppt,ppt,ppt,ppt,ppt,ppt,ppt,ppt,ppt,ppt,ppt,ppt,ppt,ppt,ppt,ppt,ppt,ppt,ppt,ppt,ppt,ppt,ppt
v YEARS/GAS >,CO2,CH4,N2O,HFC-134a,HFC-23,HFC-32,HFC-125,HFC-143a,HFC-152a,HFC-227ea,HFC-236fa,HFC-245fa,HFC-365mfc,HFC-43-10mee,NF3,SF6,SO2F2,CF4,C2F6,C3F8,C4F10,C5F12,C6F14,C7F16,C8F18,c-C4F8,CFC-12,CFC-11,CFC-113,CFC-114,CFC-115,HCFC-22,HCFC-141b,HCFC-142b,CH3CCl3,CCl4,CH3Cl,CH2Cl2,CHCl3,CH3Br,Halon-1211,Halon-1301,Halon-2402,CFC-12-eq,HFC-134a-eq,CFC-11-eq
1850,284.32,808.2490268668,273.0210490075,0,0,0.0002183889,0,0,0,3.95290382212884E-006,0,0,0,0,0,0,0.000021002,34.0499999968,1.28878216410917E-006,0,0,0,0,0,0,0,0,0,0,0,0,0,0,0,0,0.0250004287,457,6.9127612802,6,5.2999978176,0.0044465726,0,0,16.5128825269,19.1533098303,32.1101999287
1851,284.45,808.4141052584,273.0940487022,0,0,0.0002209283,0,0,0,3.99886782006057E-006,0,0,0,0,0,0,2.12491259994656E-005,34.0499999968,1.03102573128734E-005,0,0,0,0,0,0,0,0,0,0,0,0,0,0,0,0,0.0250004287,457,6.9127612802,6,5.2999978176,0.0044465726,0,0,16.5128825269,19.1533260558,32.1102099136
1852,284.60,809.1631280597,273.1680490685,0,0,0.0002234677,0,0,0,4.0448318179923E-006,0,0,0,0,0,0,2.14962088599245E-005,34.0499999968,2.06673598077227E-005,0,0,0,0,0,0,0,0,0,0,0,0,0,0,0,0,0.0250004287,457,6.9127612802,6,5.2999978176,0.0044465726,0,0,16.5128825269,19.1533443681,32.1102211827
1853,284.73,810.4040595629,273.2640482139,0,0,0.0002260071,0,0,0,4.09079581592403E-006,0,0,0,0,0,0,2.17432917203834E-005,34.0499999968,3.10744549386201E-005,0,0,0,0,0,0,0,0,0,0,0,0,0,0,0,0,0.0250004287,457,6.9127612802,6,5.2999978176,0.0044465726,0,0,16.5128825269,19.1533627586,32.1102324999
1854,284.85,811.7321432958,273.3630485056,0,0,0.0002285465,0,0,0,4.13675981385576E-006,0,0,0,0,0,0,2.19903745808423E-005,34.0499999968,4.15132507514937E-005,0,0,0,0,0,0,0,0,0,0,0,0,0,0,0,0,0.0250004287,457,6.9127612802,6,5.2999978176,0.0044465726,0,0,16.5128825269,19.1533811986,32.1102438476
1855,284.94,813.3320441591,273.4700481372,0,0,0.0002310859,0,0,0,4.18272381178749E-006,0,0,0,0,0,0,2.22374574413012E-005,34.0499999968,5.20028595643669E-005,0,0,0,0,0,0,0,0,0,0,0,0,0,0,0,0,0.0250004287,457,6.9127612802,6,5.2999978176,0.0044465726,0,0,16.5128825269,19.153399718,32.1102552442
1856,285.05,814.7961228991,273.5780481931,0,0,0.0002336253,0,0,0,4.22868780971922E-006,0,0,0,0,0,0,2.24845403017601E-005,34.0499999968,6.25495738772403E-005,0,0,0,0,0,0,0,0,0,0,0,0,0,0,0,0,0.0250004287,457,6.9127612802,6,5.2999978176,0.0044465726,0,0,16.5128825269,19.1534183266,32.1102666956
1857,285.20,816.4521190832,273.6750481302,0,0,0.0002361647,0,0,0,4.27465180765095E-006,0,0,0,0,0,0,2.2731623162219E-005,34.0499999968,7.31596961901139E-005,0,0,0,0,0,0,0,0,0,0,0,0,0,0,0,0,0.0250004287,457,6.9127612802,6,5.2999978176,0.0044465726,0,0,16.5128825269,19.1534370343,32.1102782081
1858,285.37,818.3551329821,273.7560494762,0,0,0.0002387041,0,0,0,4.32061580558268E-006,0,0,0,0,0,0,2.29787060226779E-005,34.0499999968,8.38395085029877E-005,0,0,0,0,0,0,0,0,0,0,0,0,0,0,0,0,0.0250004287,457,6.9127612802,6,5.2999978176,0.0044465726,0,0,16.5128825269,19.1534558509,32.1102897875
1859,285.54,820.3960802857,273.8950472347,0,0,0.0002412435,0,0,0,4.36657980351441E-006,0,0,0,0,0,0,2.32257888831368E-005,34.0499999968,9.45953158158609E-005,0,0,0,0,0,0,0,0,0,0,0,0,0,0,0,0,0.0250004287,457,6.9127612802,6,5.2999978176,0.0044465726,0,0,16.5128825269,19.1534747863,32.11030144
1860,285.74,822.3121234895,274.0560476244,0,0,0.000243783,0,0,0,4.41254380144614E-006,0,0,0,0,0,0,2.34728717435957E-005,34.0499999968,0.0001054334,0,0,0,0,0,0,0,0,0,0,0,0,0,0,0,0,0.0250004287,457,6.9127612802,6,5.2999978176,0.0044465726,0,0,16.5128825269,19.1534938502,32.1103131716
1861,285.93,824.3991866552,274.2400465839,0,0,0.0002463224,0,0,0,4.45850779937787E-006,0,0,0,0,0,0,0.00002372,34.0499999968,0.0001163601,0,0,0,0,0,0,0,0,0,0,0,0,0,0,0,0,0.0250004287,457,6.9127612802,6,5.2999978176,0.0044465726,0,0,16.5128825269,19.1535130525,32.1103249885
1862,286.10,827.029197692,274.416046975,0,0,0.0002488618,0,0,0,4.5044717973096E-006,0,0,0,0,0,0,0.000023967,34.0500999968,0.0001273816,0,0,0,0,0,0,0,0,0,0,0,0,0,0,0,0,0.0250004287,457,6.9127612802,6,5.2999978176,0.0044465726,0,0,16.5128825269,19.153588653,32.1103715119
1863,286.27,830.1662127301,274.5710474241,0,0,0.0002514012,0,0,0,4.55043579524133E-006,0,0,0,0,0,0,2.42141203249725E-005,34.0500999968,0.0001385043,0,0,0,0,0,0,0,0,0,0,0,0,0,0,0,0,0.0250004287,457,6.9127612802,6,5.2999978176,0.0044465726,0,0,16.5128825269,19.1536081617,32.1103835172
1864,286.44,833.6041327608,274.7200476089,0,0,0.0002539406,0,0,0,4.59639979317307E-006,0,0,0,0,0,0,2.44612031854314E-005,34.0500999968,0.0001497345,0,0,0,0,0,0,0,0,0,0,0,0,0,0,0,0,0.0250004287,457,6.9127612802,6,5.2999978176,0.0044465726,0,0,16.5128825269,19.1536278382,32.1103956258
1865,286.61,836.8941987227,274.8800473054,0,0,0.00025648,0,0,0,4.6423637911048E-006,0,0,0,0,0,0,2.47082860458903E-005,34.0500999968,0.0001610785,0,0,0,0,0,0,0,0,0,0,0,0,0,0,0,0,0.0250004287,457,6.9127612802,6,5.2999978176,0.0044465726,0,0,16.5128825269,19.1536476925,32.1104078438
1866,286.78,840.3622090172,275.0480470505,0,0,0.0002590194,0,0,0,4.68832778903653E-006,0,0,0,0,0,0,2.49553689063492E-005,34.0500999968,0.0001725424,0,0,0,0,0,0,0,0,0,0,0,0,0,0,0,0,0.0250004287,457,6.9127612802,6,5.2999978176,0.0044465726,0,0,16.5128825269,19.1536677343,32.1104201773
1867,286.95,843.9951218412,275.2130474423,0,0,0.0002615588,0,0,0,4.73429178696826E-006,0,0,0,0,0,0,2.52024517668081E-005,34.0501999968,0.0001841328,0,0,0,0,0,0,0,0,0,0,0,0,0,0,0,0,0.0250004287,457,6.9127612802,6,5.2999978176,0.0044465726,0,0,16.5128825269,19.1537442236,32.1104672476
1868,287.10,847.2491306406,275.3910467709,0,0,0.0002640982,0,0,0,4.78025578489999E-006,0,0,0,0,0,0,2.5449534627267E-005,34.0501999968,0.0001958557,0,0,0,0,0,0,0,0,0,0,0,0,0,0,0,0,0.0250004287,457,6.9127612802,6,5.2999978176,0.0044465726,0,0,16.5128825269,19.1537646701,32.1104798301
1869,287.22,850.1300802987,275.5610470783,0,0,0.0002666376,0,0,0,4.82621978283172E-006,0,0,0,0,0,0,2.56966174877259E-005,34.0501999968,0.0002077176,0,0,0,0,0,0,0,0,0,0,0,0,0,0,0,0,0.0250004287,457,6.9127612802,6,5.2999978176,0.0044465726,0,0,16.5128825269,19.1537853338,32.1104925462
1870,287.35,852.4350131373,275.7200476979,0,0,0.000269177,0,0,0,4.87218378076345E-006,0,0,0,0,0,0,2.59437003481848E-005,34.0501999968,0.0002197248,0,0,0,0,0,0,0,0,0,0,0,0,0,0,0,0,0.0250004287,457,6.9127612802,6,5.2999978176,0.0044465726,0,0,16.5128825269,19.1538062243,32.1105054019
1871,287.49,853.9930722342,275.9030465086,0,0,0.0002717164,0,0,0,4.91814777869518E-006,0,0,0,0,0,0,2.61907832086437E-005,34.0502999968,0.0002318835,0,0,0,0,0,0,0,0,0,0,0,0,0,0,0,0,0.0250004287,457,6.9127612802,6,5.2999978176,0.0044465726,0,0,16.5128825269,19.1538836016,32.1105530187
1872,287.66,855.2329918097,276.0780472616,0,0,0.0002742558,0,0,0,4.96411177662691E-006,0,0,0,0,0,0,2.64378660691026E-005,34.0502999968,0.0002442,0,0,0,0,0,0,0,0,0,0,0,0,0,0,0,0,0.0250004287,457,6.9127612802,6,5.2999978176,0.0044465726,0,0,16.5128825269,19.1539049756,32.1105661719
1873,287.86,856.1682009281,276.2500469118,0,0,0.0002767952,0,0,0,5.01007577455864E-006,0,0,0,0,0,0,2.66849489295615E-005,34.0502999968,0.0002566806,0,0,0,0,0,0,0,0,0,0,0,0,0,0,0,0,0.0250004287,457,6.9127612802,6,5.2999978176,0.0044465726,0,0,16.5128825269,19.1539266059,32.1105794829
1874,288.06,857.8200701694,276.4160473907,0,0,0.0002793346,0,0,0,0.000005056,0,0,0,0,0,0,0.000026932,34.0503999968,0.0002693316,0,0,0,0,0,0,0,0,0,0,0,0,0,0,0,0,0.0250004287,457,6.9127612802,6,5.2999978176,0.0044465726,0,0,16.5128825269,19.1540047525,32.1106275731
1875,288.29,859.4690603161,276.5850468661,0,0,0.000281874,0,0,0,0.000005102,0,0,0,0,0,0,2.71791146504793E-005,34.0503999968,0.0002821593,0,0,0,0,0,0,0,0,0,0,0,0,0,0,0,0,0.0250004287,457,6.9127612802,6,5.2999978176,0.0044465726,0,0,16.5128825269,19.1540269252,32.1106412178
1876,288.52,860.8591008221,276.7350474457,0,0,0.0002844134,0,0,0,0.000005148,0,0,0,0,0,0,2.74261975109382E-005,34.0504999968,0.00029517,0,0,0,0,0,0,0,0,0,0,0,0,0,0,0,0,0.0250004287,457,6.9127612802,6,5.2999978176,0.0044465726,0,0,16.5128825269,19.1541056338,32.1106896539
1877,288.75,862.3791145748,276.8640480828,0,0,0.0002869528,0,0,0,5.19393176628556E-006,0,0,0,0,0,0,2.76732803713971E-005,34.0504999968,0.00030837,0,0,0,0,0,0,0,0,0,0,0,0,0,0,0,0,0.0250004287,457,6.9127612802,6,5.2999978176,0.0044465726,0,0,16.5128825269,19.1541283882,32.1107036566
1878,288.99,864.1391514632,277.0020474139,0,0,0.0002894923,0,0,0,5.23989576421729E-006,0,0,0,0,0,0,2.7920363231856E-005,34.0505999968,0.0003217656,0,0,0,0,0,0,0,0,0,0,0,0,0,0,0,0,0.0250004287,457,6.9127612802,6,5.2999978176,0.0044465726,0,0,16.5128825269,19.1542076981,32.1107524627
1879,289.22,866.2831592314,277.1330480537,0,0,0.0002920317,0,0,0,5.28585976214903E-006,0,0,0,0,0,0,2.81674460923149E-005,34.0505999968,0.000335363,0,0,0,0,0,0,0,0,0,0,0,0,0,0,0,0,0.0250004287,457,6.9127612802,6,5.2999978176,0.0044465726,0,0,16.5128825269,19.1542310735,32.1107668476
1880,289.47,868.6961063074,277.2650473654,0,0,0.0002945711,0,0,0,5.33182376008076E-006,0,0,0,0,0,0,2.84145289527738E-005,34.0506999968,0.0003491687,0,0,0,0,0,0,0,0,0,0,0,0,0,0,0,0,0.0250004287,457,6.9127612802,6,5.2999978176,0.0044465726,0,0,16.5128825269,19.1543110243,32.110816048
1881,289.74,870.984126651,277.3740485863,0,0,0.0002971105,0,0,0,5.37778775801249E-006,0,0,0,0,0,0,2.86616118132327E-005,34.0506999968,0.0003631888,0,0,0,0,0,0,0,0,0,0,0,0,0,0,0,0,0.0250004287,457,6.9127612802,6,5.2999978176,0.0044465726,0,0,16.5128825269,19.1543350601,32.1108308393
1882,290.02,873.2501343603,277.4860478109,0,0,0.0002996499,0,0,0,5.42375175594422E-006,0,0,0,0,0,0,2.89086946736916E-005,34.0507999968,0.0003774296,0,0,0,0,0,0,0,0,0,0,0,0,0,0,0,0,0.0250004287,457,6.9127612802,6,5.2999978176,0.0044465726,0,0,16.5128825269,19.1544156908,32.1108804582
1883,290.26,875.6031505487,277.5910484696,0,0,0.0003021893,0,0,0,5.46971575387595E-006,0,0,0,0,0,0,2.91557775341505E-005,34.0508999968,0.0003918975,0,0,0,0,0,0,0,0,0,0,0,0,0,0,0,0,0.0250004287,457,6.9127612802,6,5.2999978176,0.0044465726,0,0,16.5128825269,19.1544966762,32.1109302954
1884,290.51,878.1481951325,277.6950481348,0,0,0.0003047287,0,0,0,5.51567975180768E-006,0,0,0,0,0,0,2.94028603946094E-005,34.0509999968,0.0004065987,0,0,0,0,0,0,0,0,0,0,0,0,0,0,0,0,0.0250004287,457,6.9127612802,6,5.2999978176,0.0044465726,0,0,16.5128825269,19.1545780263,32.110980357
1885,290.80,881.0251276946,277.7950482757,0,0,0.0003072681,0,0,0,5.56164374973941E-006,0,0,0,0,0,0,2.96499432550683E-005,34.0509999968,0.00042154,0,0,0,0,0,0,0,0,0,0,0,0,0,0,0,0,0.0250004287,457,6.9127612802,6,5.2999978176,0.0044465726,0,0,16.5128825269,19.1546035014,32.1109960339
1886,291.10,883.8392110542,277.885048894,0,0,0.0003098075,0,0,0,5.60760774767114E-006,0,0,0,0,0,0,0.000029897,34.0510999968,0.0004367268,0,0,0,0,0,0,0,0,0,0,0,0,0,0,0,0,0.0250004287,457,6.9127612802,6,5.2999978176,0.0044465726,0,0,16.5128825269,19.1546856101,32.1110465624
1887,291.41,886.9331311986,277.9950474963,0,0,0.0003123469,0,0,0,5.65357174560287E-006,0,0,0,0,0,0,3.01441089759861E-005,34.0511999968,0.000452166,0,0,0,0,0,0,0,0,0,0,0,0,0,0,0,0,0.0250004287,457,6.9127612802,6,5.2999978176,0.0044465726,0,0,16.5128825269,19.1547681133,32.1110973336
1888,291.76,889.9262115094,278.0800494849,0,0,0.0003148863,0,0,0,5.6995357435346E-006,0,0,0,0,0,0,3.0391191836445E-005,34.0512999968,0.0004678633,0,0,0,0,0,0,0,0,0,0,0,0,0,0,0,0,0.0250004287,457,6.9127612802,6,5.2999978176,0.0044465726,0,0,16.5128825269,19.1548510197,32.1111483529
1889,292.11,893.1561628723,278.1910471658,0,0,0.0003174257,0,0,0,5.74549974146633E-006,0,0,0,0,0,0,3.06382746969039E-005,34.0513999968,0.000483826,0,0,0,0,0,0,0,0,0,0,0,0,0,0,0,0,0.0250004287,457,6.9127612802,6,5.2999978176,0.0044465726,0,0,16.5128825269,19.1549343409,32.1111996275
1890,292.46,896.3831741487,278.2730492916,0,0,0.0003199651,0,0,0,5.79146373939806E-006,0,0,0,0,0,0,3.08853575573628E-005,34.0514999968,0.0005000593,0,0,0,0,0,0,0,0,0,0,0,0,0,0,0,0,0.0250004287,457,6.9127612802,6,5.2999978176,0.0044465726,0,0,16.5128825269,19.1550180847,32.1112511621
1891,292.82,899.6662679579,278.3470486211,0,0,0.0003225045,0,0,0,5.83742773732979E-006,0,0,0,0,0,0,3.11324404178217E-005,34.0515999968,0.0005165705,3.28065257000661E-008,0,0,0,0,0,0,0,0,0,0,0,0,0,0,0,0.0250004287,457,6.9127612802,6,5.2999978176,0.0044465726,0,0,16.5128825269,19.1551023204,32.1113029994
1892,293.17,903.5341862085,278.4420486149,0,0,0.0003250439,0,0,0,5.88339173526152E-006,0,0,0,0,0,0,3.13795232782806E-005,34.0516999968,0.0005333653,3.04819000000065E-007,0,0,0,0,0,0,0,0,0,0,0,0,0,0,0,0.0250004287,457,6.9127612802,6,5.2999978176,0.0044465726,0,0,16.5128825269,19.1551874176,32.111355367
1893,293.48,907.2741283827,278.5540481628,0,0,0.0003275833,0,0,0,5.92935573319325E-006,0,0,0,0,0,0,3.16266061387395E-005,34.0517999968,0.0005504501,6.92283000000001E-007,0,0,0,0,0,0,0,0,0,0,0,0,0,0,0,0.0250004287,457,6.9127612802,6,5.2999978176,0.0044465726,0,0,16.5128825269,19.1552731699,32.1114081377
1894,293.79,910.4781391514,278.6890477557,0,0,0.0003301227,0,0,0,5.97531973112499E-006,0,0,0,0,0,0,3.18736889991984E-005,34.0518999968,0.0005678308,1.24217000000002E-006,0,0,0,0,0,0,0,0,0,0,0,0,0,0,0,0.0250004287,457,6.9127612802,6,5.2999978176,0.0044465726,0,0,16.5128825269,19.1553596691,32.1114613679
1895,294.08,913.2259779268,278.831047174,0,0,0.0003326622,0,0,0,6.02128372905672E-006,0,0,0,0,0,0,3.21207718596573E-005,34.0520999968,0.0005855146,1.95879000000005E-006,0,0,0,0,0,0,0,0,0,0,0,0,0,0,0,0.0250004287,457,6.9127612802,6,5.2999978176,0.0044465726,0,0,16.5128825269,19.1555031834,32.1115496844
1896,294.36,914.7710873357,278.9390487016,0,0,0.0003352016,0,0,0,6.06724772698845E-006,0,0,0,0,0,0,3.23678547201162E-005,34.0521999968,0.0006035068,2.84641000000154E-006,0,0,0,0,0,0,0,0,0,0,0,0,0,0,0,0.0250004287,457,6.9127612802,6,5.2999978176,0.0044465726,0,0,16.5128825269,19.155591229,32.1116038663
1897,294.65,916.2742713849,279.0510477178,0,0,0.000337741,0,0,0,6.11321172492018E-006,0,0,0,0,0,0,3.26149375805751E-005,34.0522999968,0.0006218146,3.90934000000051E-006,0,0,0,0,0,0,0,0,0,0,0,0,0,0,0,0.0250004287,457,6.9127612802,6,5.2999978176,0.0044465726,0,0,16.5128825269,19.1556800744,32.1116585404
1898,294.95,919.017221088,279.1630488031,0,0,0.0003402804,0,0,0,6.15917572285191E-006,0,0,0,0,0,0,0.000032862,34.0524999968,0.0006404439,5.15186999999965E-006,0,0,0,0,0,0,0,0,0,0,0,0,0,0,0,0.0250004287,457,6.9127612802,6,5.2999978176,0.0044465726,0,0,16.5128825269,19.1558259864,32.1117483324
1899,295.30,922.2811821278,279.3080469457,0,0,0.0003428198,0,0,0,6.20513972078364E-006,0,0,0,0,0,0,3.31091033014929E-005,34.0525999968,0.0006594006,6.57830000000289E-006,0,0,0,0,0,0,0,0,0,0,0,0,0,0,0,0.0250004287,457,6.9127612802,6,5.2999978176,0.0044465726,0,0,16.5128825269,19.155916482,32.111804022
1900,295.67,925.5521140716,279.4540477512,0,0,0.0003453592,0,0,0,6.25110371871537E-006,0,0,0,0,0,0,3.33561861619518E-005,34.0527999968,0.0006786919,8.19291000000397E-006,0,0,0,0,0,0,0,0,0,0,0,0,0,0,0,0.0250003768,457,6.9127612802,5.9999999996,5.2999978176,0.00444657,0,0,16.5128824969,19.1560640796,32.1118948144
1901,296.01,928.8003363467,279.6130478761,0,0,0.0003478986,0,0,0,6.2970677166471E-006,0,0,0,0,0,0,3.36032690224108E-005,34.0528999968,0.0007011479,0.00001,0,0,0,0,0,0,0,0,0,0,0,0,0,0,0,0.0250004945,457,6.9127612802,6.0000000005,5.2999978176,0.00444657,0,0,16.5128825596,19.1561607089,32.1119543558
1902,296.32,932.7311580475,279.861045592,0,0,0.000350438,0,0,0,0.000006343,0,0,0,0,0,0,3.38503518828696E-005,34.0552999968,0.000884881,0.000015,0,0,0,0,0,0,0,0,0,0,0,0,0,0,0,0.025000344,457,6.9127612802,5.9999999993,5.2999978176,0.00444657,0,0,16.5128824794,19.1578086713,32.1129683877
1903,296.65,936.7834293694,280.1560447981,0,0,0.0003529774,0,0,0,0.000006389,0,0,0,0,0,0,3.40974347433286E-005,34.0579999968,0.0011166412,0.000025,0,0,0,0,0,0,0,0,0,0,0,0,0,0,0,0.0250005393,457,6.9127612802,6.0000000009,5.2999978176,0.00444657,0,0,16.5128825835,19.1597091759,32.1141380572
1904,296.95,942.1142733141,280.4320453165,0,0,0.0003555168,0,0,0,0.000006435,0,0,0,0,0,0,3.43445176037875E-005,34.0607999968,0.0013829462,0.000035,0,0,0,0,0,0,0,0,0,0,0,0,0,0,0,0.0250002823,457,6.9127612802,5.9999999988,5.2999978176,0.00444657,0,0,16.5128824465,19.1617199069,32.1153752614
1905,297.29,947.443279191,280.7050454058,0,0,0.0003580562,0,0,0,6.48092370837402E-006,0,0,0,0,0,0,3.45916004642464E-005,34.0641999968,0.0017163677,0.00005,0,0,0,0,0,0,0,0,0,0,0,0,0,0,0,0.0250006253,457,6.9127612802,6.0000000001,5.2999978176,0.00444657,0,0,16.512882629,19.1641817574,32.116890471
1906,297.66,953.0924179386,280.9800453936,0,0,0.0003605956,0,0,0,6.52688770630575E-006,0,0,0,0,0,0,3.48386833247053E-005,34.0686999968,0.0021963609,0.00006,0,0,0,0,0,0,0,0,0,0,0,0,0,0,0,0.0250001609,457,6.9127612802,5.9999999852,5.2999978177,0.00444657,0,0,16.5128823786,19.1674826262,32.1189214667
1907,298.10,959.1561175088,281.2760452156,0,0,0.000363135,0,0,0,6.57285170423748E-006,0,0,0,0,0,0,3.50857661851641E-005,34.0746999968,0.0028726064,0.000085,0,0,0,0,0,0,0,0,0,0,0,0,0,0,0,0.0250007983,457,6.9127612802,5.9999999765,5.2999978176,0.00444657,0,0,16.512882715,19.1719601391,32.1216772733
1908,298.52,964.0852972266,281.6110439478,0,0,0.0003656744,0,0,0,6.61881570216921E-006,0,0,0,0,0,0,3.53328490456231E-005,34.0823999968,0.0037649906,0.00011,0,0,0,0,0,0,0,0,0,0,0,0,0,0,0,0.0249999136,457,6.9127612802,5.9999999547,5.2999978177,0.00444657,0,0,16.5128822396,19.1777316188,32.1252283679
1909,298.94,969.398367186,281.9500446835,0,0,0.0003682138,0,0,0,6.66477970010094E-006,0,0,0,0,0,0,3.5579931906082E-005,34.0873999968,0.0043349901,0.000125,0,0,0,0,0,0,0,0,0,0,0,0,0,0,0,0.0250733777,457,6.9127612802,5.9999999517,5.2999978176,0.00444657,0,0,16.5129212666,19.1814631224,32.1275727112
1910,299.38,974.7870880934,282.3140436025,0,0,0.0003707532,0,0,0,6.71074369803268E-006,0,0,0,0,0,0,0.000035827,34.0982999968,0.0056099895,0.00016,0,0,0,0,0,0,0,0,0,0,0,0,0,0,0,0.0253292816,457,6.9127612802,5.9999999212,5.2999978177,0.00444657,0,0,16.513057208,19.1896499384,32.1327780642
1911,299.83,979.4653273999,282.7210423489,0,0,0.0003732926,0,0,0,6.75670769596441E-006,0,0,0,0,0,0,3.60740976269998E-005,34.1145999968,0.007499989,0.00021,0,0,0,0,0,0,0,0,0,0,0,0,0,0,0,0.0812472341,457,6.9127612802,5.9999999313,5.2999978176,0.00444657,0,0,16.5427636228,19.201861442,32.1768545769
1912,300.35,983.6058602372,283.0190456237,0,0,0.0003758321,0,0,0,6.80267169389614E-006,0,0,0,0,0,0,3.63211804874587E-005,34.1297999968,0.0092599884,0.000265,0,0,0,0,0,0,0,0,0,0,0,0,0,0,0,0.1000000892,457,6.9127612802,5.999999879,5.2999978177,0.00444657,0,0,16.5527260639,19.2132598204,32.1961304297
1913,300.91,986.2423270514,283.3620439915,0,0,0.0003783715,0,0,0,6.84863569182787E-006,0,0,0,0,0,0,3.65682633479176E-005,34.1497999968,0.0115699878,0.00033,0,0,0,0,0,0,0,0,0,0,0,0,0,0,0,0.1166670165,457,6.9127612802,5.9999999211,5.2999978176,0.00444657,0,0,16.5615803796,19.2282350739,32.2162435896
1914,301.42,988.6108727543,283.7160436749,0,0,0.0003809109,0,0,0,6.8945996897596E-006,0,0,0,0,0,0,3.68153462083765E-005,34.1714999968,0.0140849871,0.0004,0,0,0,0,0,0,0,0,0,0,0,0,0,0,0,0.1933305381,457,6.9127612802,5.9999998168,5.2999978178,0.00444657,0,0,16.6023078494,19.2444956398,32.2763762083
1915,301.94,991.4610851937,284.0470440771,0,0,0.0003834503,0,0,0,6.94056368769133E-006,0,0,0,0,0,0,3.70624290688354E-005,34.1939999968,0.0166849865,0.000475,0,0,0,0,0,0,0,0,0,0,0,0,0,0,0,0.3165597066,457,6.9127612802,5.9999999411,5.2999978174,0.00444657,0,0,16.6677733762,19.2613477681,32.3673197049
1916,302.48,998.4538273544,284.3120460202,0,0,0.0003859897,0,0,0,6.98652768562306E-006,0,0,0,0,0,0,3.73095119292943E-005,34.2197999968,0.0196699858,0.00056,0,0,0,0,0,0,0,0,0,0,0,0,0,0,0,0.5206524797,457,6.9127612802,5.9999997012,5.299997818,0.00444657,0,0,16.776197602,19.2806752089,32.5126587156
1917,303.01,1003.5705561134,284.6150437475,0,0,0.0003885291,0,0,0,7.03249168355479E-006,0,0,0,0,0,0,3.75565947897532E-005,34.2563999968,0.023924985,0.00068,0,0,0,0,0,0,0,0,0,0,0,0,0,0,0,0.7563406406,457,6.9127612802,6.000000049,5.2999978171,0.00444657,0,0,16.9014070244,19.3081232746,32.6836537374
1918,303.45,1010.1304479974,284.805046346,0,0,0.0003910685,0,0,0,7.07845568148652E-006,0,0,0,0,0,0,3.78036776502121E-005,34.2974999968,0.0286899842,0.000815,0,0,0,0,0,0,0,0,0,0,0,0,0,0,0,0.9276737285,457,6.9127612802,5.9999994322,5.2999978186,0.00444657,0,0,16.9924275731,19.3389257152,32.8146343763
1919,303.81,1017.6303643751,284.8510501369,0,0,0.0003936079,0,0,0,7.12441967941825E-006,0,0,0,0,0,0,3.8050760510671E-005,34.3386999968,0.0334349834,0.00095,0,0,0,0,0,0,0,0,0,0,0,0,0,0,0,1.0843643504,457,6.9127612802,6.0000004039,5.2999978159,0.00444657,0,0,17.0756697089,19.3697531558,32.9360569684
1920,304.25,1025.0703236736,284.929048631,0,0,0.0003961473,0,0,0,7.17038367734998E-006,0,0,0,0,0,0,3.82978433711299E-005,34.3757999968,0.0377049825,0.00107,0,0,0,0,0,0,0,0,0,0,0,0,0,0,0,1.1760377264,457,6.9127612802,5.9999991085,5.2999978206,0.00444657,0,0,17.1243708661,19.3975059088,33.0130754714
1921,304.60,1032.2003387089,285.0390482068,0,0,0.0003986867,0,0,0,7.21634767528171E-006,0,0,0,0,0,0,3.85449262315888E-005,34.4146999597,0.0421849816,0.0012,0,0,0,0,0,0,0,0,0,0,0,0,0,0,0,1.2416695208,457,6.9127612803,6.0044069077,5.2999978124,0.00444657,0,0,17.1603397066,19.4266167659,33.0752591871
1922,304.94,1039.1002618685,285.1700490516,0,0,0.0004012261,0,0,0,7.26231167321344E-006,0,0,0,0,0,0,0.000038792,34.43009973,0.0438949806,0.00125,0,0,0,0,0,0,0,0,0,0,0,0,0,0,0,1.3888855176,456.9999999999,6.9127612801,6.0167618342,5.2999978271,0.00444657,0,0,17.2416369367,19.4380406396,33.1823473926
1923,305.27,1045.1300753793,285.4670428152,0,0,0.0004037655,0,0,0,7.30827567114517E-006,0,0,0,0,0,0,3.90390919525066E-005,34.4571996492,0.0470049796,0.001335,0,0,0,0,0,0,0,0,0,0,0,0,0,0,0,1.6249916011,457.0000000001,6.9127612804,6.0357304718,5.2999978005,0.00444657,0,0,17.3718104527,19.4582945969,33.3550249245
1924,305.63,1049.4500384072,285.6050480414,0,0,0.0004063049,0,0,0,7.3542396690769E-006,0,0,0,0,0,0,3.92861748129655E-005,34.5056996259,0.0525899785,0.001495,0,0,0,0,0,0,0,0,0,0,0,0,0,0,0,1.8459543424,456.9999999997,6.9127612799,6.0599613111,5.2999978494,0.00444657,0,0,17.4952546193,19.494584524,33.5292884693
1925,305.81,1052.1599781727,285.6520494698,0,0,0.0004088443,0,0,0,7.40020366700863E-006,0,0,0,0,0,0,3.95332576734244E-005,34.5605996064,0.0588549774,0.001675,0,0,0,0,0,0,0,0,0,0,0,0,0,0,0,2.1164215057,457.0000000005,6.9127612808,6.0881248122,5.299997758,0.00444657,0,0,17.6459811741,19.5355719532,33.7400211085
1926,305.95,1053.6001237896,285.692049394,0,0,0.0004113837,0,0,0,7.44616766494037E-006,0,0,0,0,0,0,3.97803405338833E-005,34.6161995858,0.0651649762,0.001855,0,0,0,0,0,0,0,0,0,0,0,0,0,0,0,2.4603672735,456.9999999991,6.9127612792,6.1188706545,5.2999979314,0.00444657,0,0,17.8363888258,19.5770234441,33.9998775973
1927,306.18,1055.770562162,285.7400495818,0,0,0.0004139231,0,0,0,7.4921316628721E-006,0,0,0,0,0,0,4.00274233943422E-005,34.6767995642,0.072019975,0.00205,0,0,0,0,0,0,0,0,0,0,0,0,0,0,0,2.694285727,457.0000000018,6.9127612822,6.1508593451,5.2999975975,0.00444657,0,0,17.968655173,19.6221652469,34.1904465187
1928,306.33,1060.6403636418,285.8330479964,0,0,0.0004164625,0,0,0,7.53809566080382E-006,0,0,0,0,0,0,4.02745062548011E-005,34.7449995414,0.0797049736,0.00227,0,0,0,0,0,0,0,0,0,0,0,0,0,0,0,3.0264905398,456.9999999965,6.9127612765,6.1827499125,5.2999982496,0.00444657,0,0,18.1531116291,19.6729226739,34.448705189
1929,306.49,1066.6603422898,285.8910490112,0,0.0008387752,0.0004190019,0,0,0,7.58405965873556E-006,0,0,0,0,0,0,4.052158911526E-005,34.8251995175,0.0887049723,0.00253,0,0,0,0,0,0,0,0,0,0,0,0,0,0,0,3.5177136352,457.000000007,6.9127612877,6.2132141829,5.2999969719,0.00444657,0,0,18.4216899516,19.7334984098,34.8165405002
1930,306.62,1072.6401089097,285.9380507027,0,0.0051086765,0.0004215414,0,0,0,0.00000763,0,0,0,0,0,0,4.07686719757189E-005,34.9092994922,0.0980799708,0.002805,0,0,0,0,0,0,0,0,0.0013149973,0,0,0,0,0,0,4.0634639357,456.9999999859,6.9127612653,6.2408889811,5.2999990247,0.0044465701,0,0,18.7197713313,19.8007400991,35.2247893918
1931,306.82,1077.4902223758,286.124045011,0,0.0013775628,0.0004240808,0,0,0,0.000007676,0,0,0,0,0,0,4.10157548361778E-005,34.9865994657,0.1066249693,0.00305,0,0,0,0,0,0,0,0,0.0211515679,0,0,0,0,0,0,4.7029780997,457.0000000287,6.9127613106,6.2678288546,5.3066508621,0.0044465698,0,0,19.0849281375,19.8538062707,35.7068692589
1932,307.09,1081.9602288876,286.2220497789,0,0.0006616644,0.0004266202,0,0,0,0.000007722,0,0,0,0,0,0,4.12628376966367E-005,35.0427994377,0.1127499676,0.00323,0,0,0,0,0,0,0,0,0.0749974524,0,0,0,0,0,0,5.2942133903,456.9999999403,6.9127612173,6.2957860166,5.3383053363,0.0044465704,0,0,19.4568873628,19.8945008087,36.1897080211
1933,307.40,1086.5403343559,286.3710463928,0,0.000719201,0.0004291596,0,0,0,7.76791565046248E-006,0,0,0,0,0,0,4.15099205570956E-005,35.0766994083,0.1163699659,0.00334,0,0,0,0,0,0,0,0,0.1249979527,0,0,0,0,0,0,5.9374207669,457.0000001257,6.9127614124,6.325074174,5.3799785299,0.0044465692,0,0,19.8533097278,19.9194851476,36.6929874482
1934,307.78,1091.7703094913,286.4670491113,0,0.0007817409,0.000431699,0,0,0,7.81387964839421E-006,0,0,0,0,0,0,0.000041757,35.1115993773,0.1201299642,0.00345,0,0,0,0,0,0,0,0,0.174997895,0,0,0.0007617615,0,0,0,6.6797985401,456.9999997309,6.9127609981,6.3552219004,5.4199787177,0.0044465719,0,0,20.303109657,19.9452563641,37.2624465711
1935,308.23,1097.0801365728,286.5870480381,0,0.0008497192,0.0004342384,0,0,0,7.85984364632594E-006,0,0,0,0,0,0,4.20040862780134E-005,35.1578993447,0.1251099623,0.0036,0,0,0,0,0,0,0,0,0.2249979053,0,0,0.0190800333,0,0,0,7.595823196,457.0000005849,6.9127618914,6.3872783162,5.4599793888,0.0044465659,0,0,20.8571583483,19.9794224477,37.9653779349
1936,309.01,1101.8303141837,286.7470474428,0,0.0009236086,0.0004367778,0,0,0,7.90580764425767E-006,0,0,0,0,0,0,4.22511691384723E-005,35.2335993103,0.1332149603,0.003845,0,0,0,0,0,0,0,0,0.274997908,0,0,0.0793223306,0,0,0,8.7613721256,456.999998709,6.9127599355,6.4205063882,5.4999799618,0.0044465794,0,0,21.5715720227,20.0351817428,38.8789697159
1937,309.76,1106.3200004124,286.9510467352,0,0.0010039232,0.0004393172,0,0,0,7.9517716421894E-006,0,0,0,0,0,0,4.24982519989312E-005,35.3363992742,0.1440799582,0.004175,0,0,0,0,0,0,0,0,0.3249979105,0,0,0.1400045242,0,0,0,10.0249596036,457.0000028941,6.912764285,6.4552132326,5.5399805601,0.0044465484,0,0,22.3387277913,20.110653265,39.8696054447
1938,310.29,1110.6307975005,287.1910452695,0,0.0010912219,0.0004418566,0,0,0,7.99773564012113E-006,0,0,0,0,0,0,4.27453348593901E-005,35.4697992362,0.158039956,0.004605,0,0,0,0,0,0,0,0,0.3749979145,0,0,0.2000043056,0,0,0,11.2661631618,456.9999934106,6.9127544618,6.4916898161,5.5799811517,0.0044466205,0,0,23.0939850432,20.2083560806,40.8592776413
1939,310.85,1116.9096799988,287.3870472463,0,0.0011861117,0.000444396,0,0,0,8.04369963805286E-006,0,0,0,0,0,0,4.2992417719849E-005,35.6214991961,0.1736899537,0.005095,0,0,0,0,0,0,0,0,0.4249979164,0.0004437717,0,0.2600045371,0,0,0,12.5757619092,457.0000152385,6.9127769677,6.5301657631,5.6199817451,0.0044464477,0,0,23.8865110649,20.3191068099,41.9028485783
1940,311.36,1120.1201839145,287.6190462263,0,0.0012892556,0.0004469354,0,0,0,8.0896636359846E-006,0,0,0,0,0,0,4.32395005803079E-005,35.804999154,0.1923999512,0.00569,0,0,0,0,0,0,0,0,0.474997921,0.0092259119,0,0.3200042464,0,0,0,14.0908547368,456.9999641867,6.9127260901,6.5707121815,5.659982338,0.0044469936,0,0,24.7967923831,20.4527193237,43.1054179015
1941,311.81,1123.2405121163,287.8640448753,0,0.0014013841,0.0004494748,0,0,0,8.13562763391632E-006,0,0,0,0,0,0,4.34865834407669E-005,35.9912991096,0.2110699493,0.00629,0,0,0,0,0,0,0,0,0.524997922,0.0481583314,0,0.380004601,0,0,0,15.8721491665,457.000086437,6.923158517,6.6128890094,5.6999829312,0.0121519159,0,0,25.8860797244,20.5878631946,44.5292447036
1942,312.17,1128.1901304334,288.1380501924,0,0.0015232671,0.0004520142,0,0,0,8.18159163184806E-006,0,0,0,0,0,0,4.37336663012258E-005,36.2388990629,0.2356249511,0.0071,0,0,0,0,0,0,0,0,0.5749979279,0.1126008471,0,0.4400041353,0,0,0,18.1204303466,456.9997405699,6.9544295553,6.6573542783,5.7399835238,0.0186648499,0,0,27.249597011,20.7670621063,46.3176960789
1943,312.39,1132.6601539369,288.7810313014,0,0.0016557506,0.0004545536,0,0,0,8.22755562977978E-006,0,0,0,0,0,0,4.39807491616847E-005,36.5610990137,0.2670399531,0.00816,0,0,0,0,0,0,0,0,0.6249979271,0.2024554628,0,0.5000047382,0,0,0,20.7941188995,457.9320006888,7.0058448084,6.7043394528,5.7799841177,0.0239006817,0,0,28.8942356909,20.9993916927,48.4848388151
1944,312.41,1136.2700633915,289.0000507759,0,0.0017997567,0.000457093,0,0,0,8.27351962771152E-006,0,0,0,0,0,0,4.42278320221436E-005,36.992798962,0.3083149549,0.009595,0,0,0,0,0,0,0.0194336571,0,0.6749979357,0.3176470785,0,0.5600039151,0,0,0,23.8647832219,460.7425038174,7.0765773305,6.7538448512,5.8199847086,0.0278776283,0,0,30.8537409764,21.3093904901,51.0633877716
1945,312.38,1139.3203471739,289.2270445863,0,0.0019562875,0.0004596324,0,0,0,8.31948362564325E-006,0,0,0,0,0,0,4.44749148826025E-005,37.2976989075,0.3363799564,0.010605,0,0,0,0,0,0,0.4215002164,0.0048441449,0.7249979309,0.4580556942,0,0.6200050411,0,0,0,25.9042484991,463.2436966836,7.1658423122,6.8057700558,5.8599853072,0.031010342,0,0,32.6683321123,21.5266940008,52.9356047955
1946,312.39,1143.6604799274,289.4270460896,0,0.0021264323,0.0004621718,0,0,0,8.36544762357498E-006,0,0,0,0,0,0,0.000044722,37.3916988502,0.3442649576,0.010915,0,0,0,0,0,0,1.6357106676,0.0833722893,0.7749979456,0.62355431,0,0.6800034384,0,0,0,27.504756711,465.7432891672,7.2728489327,6.8607639337,5.8999858858,0.0322916978,0,0,35.1467462557,21.5926253253,54.532120924
1947,312.49,1149.6402893403,289.5110490248,0,0.0023113752,0.0004647113,0,0,0,8.41141162150671E-006,0,0,0,0,0,0,4.49690806035203E-005,37.5000987898,0.3536549586,0.011285,0,0,0,0,0,0,2.8350140249,0.3000110434,0.8249979311,0.8140119257,0,0.7400057486,0,0,0,29.0785610675,468.2434297243,7.3968032494,6.9187585028,5.9399865166,0.0328124868,0,0,37.7341302076,21.6691298581,56.2876075221
1948,312.52,1155.6301779692,289.5560490546,0,0.0025124031,0.0004672507,0,0,0,8.45737561943844E-006,0,0,0,0,0,0,4.52161634639792E-005,37.6704987263,0.3683149593,0.01187,0,0,0,0,0,0,4.0250142618,0.5000130092,0.8749979612,1.0316545414,0,0.8000023077,0,0,0,31.0411431961,470.7433788675,7.5369175302,6.9797027158,5.9799870089,0.0328332775,0,0,40.533356877,21.7891381092,58.3420451321
1949,312.63,1160.3499455396,289.5980505492,0,0.0027309151,0.0004697901,0,0,0,8.50333961737017E-006,0,0,0,0,0,0.0002747741,4.54632463244381E-005,37.8551986594,0.3836249598,0.012515,0,0,0,0,0,0,5.2150130005,0.7000119717,0.9249979223,1.2518172525,0,0.860007608,0,0,0,33.192336696,473.2434018647,7.6923893084,7.044185648,6.0199878859,0.0320951544,0,0,43.4368654058,21.9193092854,60.5310855975
1950,312.82,1163.820557721,289.7390465555,0,0.0030541876,0.0004723295,0,0,0,8.5493036153019E-006,0,0,0,0,0,0.0019235045,4.5710329184897E-005,38.023898589,0.39696996,0.013105,0,0,0,0,0,0,6.3822571804,0.8938818449,0.9749979864,1.4824664356,0,0.9275005915,0,0,0,35.4998325916,475.7314635341,7.8624384247,7.112189385,6.059987796,0.0303057672,0,0,46.4116681115,22.0423264715,62.8314758977
1951,313.01,1168.8101078735,289.8600484808,0,0.0068851353,0.0004748689,0,0,0,8.59526761323363E-006,0,0,0,0,0,0.0054668604,4.59574120453559E-005,38.2042985149,0.4106449599,0.013745,0,0,0,0,0,0,7.7753531887,1.146855532,1.0244279802,1.7349158713,0,0.9349977033,0,0,0,37.5808257749,478.3116426316,8.0462627896,7.1835226267,6.0999905386,0.0282031272,0,0,49.5259458171,22.1832237682,65.0365594
1952,313.34,1174.3108833351,290.0250487023,0,0.0208751239,0.0004774083,0,0,0,8.64123161116536E-006,0,0,0,0,0,0.014999348,4.62044949058148E-005,38.4069984369,0.4252399595,0.014465,0,0,0,0,0,0,9.4444004341,1.5540266565,1.0793176962,1.9843038425,0,0.9200002595,0,0,0,38.7068952499,481.1606415881,8.2430669302,7.2597225773,6.1394261214,0.026776751,0,0,52.5329875277,22.371007515,66.7988810475
1953,313.73,1183.3606479982,290.3340422366,0,0.0465117897,0.0004799477,0,0,0,8.68719560909709E-006,0,0,0,0,0,0.024999434,4.64515777662737E-005,38.6142983548,0.439209959,0.01521,0,0,0,0,0,0,11.2133252595,2.1294366702,1.1389276076,2.2399121684,0,0.9262516826,0,0,0.0011634245,40.051760419,484.1764457003,8.4593763977,7.3409433287,6.1849874983,0.0249524142,0,0,55.9254987545,22.5752142776,68.9228069339
1954,314.09,1194.4306222547,290.5480485632,0,0.082130702,0.0004824871,0,0,0,8.73315960702882E-006,0,0,0,0,0,0.0349993883,4.66986606267326E-005,38.8412982684,0.4534849581,0.01602,0,0,0,0,0,0,13.2039279228,2.8635964297,1.2079770557,2.4949118563,0,0.9637557781,0,0,0.0174329114,41.5424672051,488.5088518439,8.7028438303,7.4273930484,6.2299883085,0.0234999794,0,0,59.8235514554,22.8023221583,71.4101964453
1955,314.41,1206.6509180414,290.8440442299,0,0.1274599143,0.0004850265,0,0,0,8.77912360496056E-006,0,0,0,0,0,0.0449994356,4.69457434871915E-005,39.0706981774,0.466714957,0.01683,0,0,0,0,0,0,15.439632179,3.7677908316,1.2937463531,2.7499121898,0,1.0538601078,0,0,0.1080801915,43.1729587706,493.2549822776,8.9637262225,7.5194425792,6.2749887987,0.0219999808,0,0,64.261502471,23.0400716421,74.2669613699
1956,314.70,1221.1007979758,291.1870440929,0,0.1822890266,0.0004875659,0,0,0,8.82508760289228E-006,0,0,0,0,0,0.0549993787,4.71928263476504E-005,39.3001980816,0.4787949556,0.017625,0,0,0,0,0,0,18.0071383767,4.9007674588,1.3882061192,3.0061629214,0,1.1860103829,0,0,0.2890424317,44.939256339,496.9596977829,9.2378278585,7.6164335679,6.3199897058,0.0204583186,0,0,69.3158883117,23.2867412638,77.4795330054
1957,314.99,1235.8001706155,291.5120439898,0,0.2464121389,0.0004901053,0,0,0,8.87105160082402E-006,0,0,0,0,0,0.0649994505,4.74399092081093E-005,39.5200979808,0.489309954,0.01836,0,0,0,0,0,0,20.9775401184,6.23939735,1.4974753956,3.2499133849,0,1.3464653784,0,0,0.5636700917,46.8299522434,500.6978186242,9.5222013813,7.7184838778,6.364989762,0.0194999811,0,0,75.0509885176,23.5359167786,81.0355775858
1958,315.34,1247.420460847,291.7720453657,0,0.3196182512,0.0004926447,0,0,0,0.000008917,0,0,0,0,0,0.0749993572,0.000047687,39.7150978747,0.497734952,0.01897,0,0,0,0,0,0,24.1843400893,7.567232603,1.6274844664,3.4969948454,0,1.5845945418,0,0,0.8801461569,48.8399492999,504.5039342231,9.8175579712,7.8250458688,6.4099923876,0.0184999957,0,0,81.1641382258,23.777819452,84.7614866
1959,315.81,1257.3200746141,291.9870475271,0,0.4016993635,0.0004951841,0,0,0,0.000008963,0,0,0,0,0,0.084999482,4.79340749290271E-005,39.904897763,0.5052399499,0.01953,0,0,0,0,0,0,27.6090512149,8.7971240837,1.777483687,3.7265921128,0,1.906034764,0,0,1.2386097597,50.9711455048,508.3637169063,10.1304332306,7.9355984734,6.4542984148,0.01749999,0,0,87.5499758301,24.0252572734,88.5582193869
1960,316.62,1264.1198630387,292.2830442855,0,0.4924474758,0.0004977235,0,0,0,9.00894359461921E-006,0,0,0,0,0,0.0949993923,5.6535056987861E-005,40.1185976455,0.5130949474,0.020105,0,0,0,0,0,0.000011254,31.6053599533,10.2371213164,1.946942896,3.9386705277,0,2.2494066327,0,0,1.7015230368,53.2112430273,512.2328409829,10.4591459811,8.0496921872,6.5049891279,0.0164999922,1.21079906126709E-006,6.97844971967767E-006,94.7772388277,24.2964945275,92.7016937084
1961,317.30,1269.4615125217,292.6020448666,0,0.5916525881,0.0005002629,0,0,0,9.05490759255094E-006,0,0,0,0,0,0.1099990345,0.0003956807,40.3424975217,0.5207299447,0.02064,0,0,0,0,0,0.00173701,36.2366647364,12.167854014,2.1412218178,4.1636671252,0,2.6376538839,0,0,2.1792672747,55.5635395388,516.0400787516,10.7995254506,8.1664674693,6.5549918163,0.0154999917,9.68639249013676E-006,5.58275977574214E-005,103.1661718305,24.6042233827,97.5158385052
1962,318.04,1282.5713089932,292.9450443749,0,0.6991077004,0.0005028023,0,0,0,9.10087159048267E-006,0,0,0,0,0,0.129998789,0.0009191007,40.566097163,0.5278749418,0.021115,0,0,0,0,0,0.00677707,41.4767782451,14.6398932893,2.3656804986,4.3986636541,0,3.1291542668,0,0,2.7722602613,58.0074368245,519.7264739909,11.1568745897,8.2857727409,6.604418453,0.0144999904,1.93727849802735E-005,0.0001116552,112.781787323,24.944865831,103.1106978379
1963,318.65,1300.7905707396,293.3270429066,0,0.8146028127,0.0005053417,0,0,0,9.1468355884144E-006,0,0,0,0,0,0.154998346,0.0015432044,40.8047957307,0.5351649386,0.02157,0,0,0,0,0,0.0148637,47.6045926918,17.7170330459,2.6255189958,4.6359703284,0.0001433186,3.7537238013,0,0,3.5117450832,60.5074368456,523.24399597,11.5250572224,8.4069594452,6.6599876035,0.0134999951,2.90591774704103E-005,0.000209542,123.957746538,25.3272687784,109.5591239821
1964,319.33,1317.3704437934,293.6850441281,0,0.937929925,0.0005078812,0,0,0,9.19279958634613E-006,0,0,0,0,0,0.1799986782,0.0023007598,41.0546958276,0.5425249351,0.02199,0,0,0,0,0,0.0257405,54.7998047925,21.421671469,2.9195976731,4.8774370291,0.0034777288,4.5027816919,0,0,4.254168105,63.077533146,526.5386447996,11.9018088205,8.5306639286,6.7155642952,0.0124999732,3.8745569960547E-005,0.0003218188,136.8631295735,25.7305816272,116.8352191933
1965,319.82,1331.0602831617,294.0450442699,0,1.0688820373,0.0005104206,0,0,0,9.23876358427786E-006,0,0,0,0,0,0.1999987727,0.0032624685,41.3424958847,0.5508499313,0.022435,0,0.0000125,1.04166666666667E-005,2.29166666666667E-005,2.08333333333333E-005,0.0391509,63.0290148642,25.7098000228,3.2579756773,5.1351736199,0.019166272,5.3911075075,0,0,5.1828894006,65.6268347487,529.5773613843,12.2854322817,8.6571986761,6.7644221726,0.0113750262,5.60693103755993E-005,0.0004596759,151.4558985222,26.1530558415,124.9272757893
1966,320.88,1342.2405083386,294.4530425513,0,1.2072421496,0.00051296,0,0,0,9.28472758220959E-006,0,0,0,0,0,0.2199989598,0.0044440354,41.6524958846,0.5597749273,0.02289,0,0.0001496484,9.90675833333363E-005,0.0001990676,0.0001905986,0.0548384,72.2479299806,30.5037339386,3.6531631973,5.4133695522,0.0394993836,6.4725397544,0,0,6.6337899825,68.071240245,532.3371008838,12.6770546444,8.7861941699,6.8193081575,0.0109999864,0.0001192171,0.0018055207,167.7051630961,26.6036612426,133.8573092145
1967,321.48,1354.271555815,294.8600432528,0,1.3528122619,0.0005154994,0,0,0,9.33069158014132E-006,0,0,0,0,0,0.2399987348,0.0059488501,42.0046958845,0.5701449231,0.0234,0,0.0004143184,0.0002334652,0.0004286002,0.0004284838,0.0725467,82.6101462788,35.8664780547,4.1019011124,5.7070253747,0.0637134935,7.7742558126,0,0,8.8156164599,70.4262431125,534.8238174091,13.0711663197,8.9176593317,6.8799899339,0.0111319618,0.0002235556,0.0054763583,185.8795908769,27.0937672041,143.7739424002
1968,322.39,1371.6504714935,295.2690428926,0,1.5053823742,0.0005180388,0,0,0,9.37665557807305E-006,0,0,0,0,0,0.2699980179,0.0078070392,42.4114958844,0.5827049185,0.02399,2.89005903683342E-006,0.0008137636,0.0004058285,0.0006878854,0.0007204869,0.0920193,94.2596632485,41.9391324277,4.615648276,6.0145011973,0.0987291805,9.3838434279,0,0,11.5492761501,72.6905473117,537.0335587944,13.4668668784,9.051833874,6.939991094,0.0145287732,0.0003607785,0.010674211,206.270408456,27.6663513838,154.8848257222
1969,323.25,1389.341737148,295.6810430101,0,1.6647424865,0.0005205782,1.21657736965654E-006,9.67910829818226E-006,0,9.42261957600478E-006,0,0,0,0,3.30157226985327E-005,0.2999983703,0.0101291081,42.8623959414,0.5976699137,0.02467,2.31204722946674E-005,0.0013639263,0.0006131872,0.0009859571,0.0010582812,0.113,107.2891798162,48.9226071245,5.2038451667,6.3341470198,0.1432627473,11.1916377386,0,0,14.6497403409,74.8699505813,538.9712390708,13.8619791468,9.1893572153,6.9999915822,0.0266074605,0.0005134662,0.0166778136,229.0349532851,28.2797485452,167.2438741433
1970,324.78,1411.1005121906,296.0980428506,0,1.8306725988,0.0005231176,8.55712112598807E-006,6.79373986851115E-005,0,9.46858357393651E-006,2.85515926448468E-008,0,0,0,0.0002369744,0.3249985735,0.012998711,43.4013962523,0.6174449083,0.02553,4.90228737451347E-005,0.0020749852,0.0008649057,0.0013188476,0.0014353631,0.135231,121.6491896547,56.9532551802,5.8824112302,6.6643119134,0.2035404989,13.0937469888,0,0.0010651754,17.6801851405,76.9699538536,540.6648599841,14.2553030516,9.3297621297,7.0599934954,0.0429551597,0.0007886756,0.0227815164,254.0876064659,28.9443579719,180.8130409811
1971,325.40,1431.1209526765,296.5220427737,0,2.0029827111,0.000525657,1.00613027279036E-005,7.89022029981564E-005,0,0.0006875001,5.14335922788121E-005,0,8.59375000000017E-005,0,0.0002955891,0.3549981118,0.0164693264,44.0078960975,0.6424449,0.026565,0.0003037507,0.00292898,0.00115692,0.0016825112,0.0018461863,0.158458,137.1382048573,65.8465085377,6.6607770931,7.0043812338,0.2744152329,15.1200553561,0,0.0210731266,20.8154778467,78.9899571198,542.1264454266,14.6459363807,9.4738839475,7.1194122774,0.0612022329,0.0033916358,0.0291816208,281.1507098779,29.6854007788,195.5140989662
1972,327.35,1449.2900279404,296.9550426078,0,2.1814528234,0.0005281964,1.03903187837643E-005,0.000080373,0,0.0025000001,0.000187031,0,0.0003125,0,0.0002355782,0.3899978782,0.0205847998,44.688695889,0.6740748896,0.027815,0.00114133,0.00390667,0.0014849443,0.0020750464,0.0023001425,0.182423,153.856226026,75.6708876839,7.5536422071,7.3566796253,0.3482199173,17.3523900482,0,0.0699998417,24.9166980173,80.9293604959,543.3849343203,15.0326831435,9.6229342883,7.184317335,0.0815662388,0.0101071773,0.0366138253,310.6425968104,30.5099679117,211.7432058342
1973,329.91,1462.8607022171,297.3990424177,0,2.3658829357,0.0005307358,1.07197148929911E-005,8.18455435448296E-005,0,0.0050625001,0.000378738,0,0.000632813,0,0.0001691631,0.4249980111,0.0253458941,45.4546955479,0.7138798786,0.02935,0.002472,0.0049981,0.0018605196,0.0024945644,0.002788735,0.20687,172.2572599531,86.8726164917,8.5764567573,7.7239480168,0.4380135549,19.9276945937,0,0.1149998421,30.3258364658,82.7930637134,544.4634016913,15.4145387682,9.7761171786,7.255663538,0.1075315363,0.0209215946,0.0451821299,343.5565987729,31.4073683688,230.1575667744
1974,330.76,1476.1409105125,297.855042234,0,2.556043048,0.0005332752,1.10494914820855E-005,8.33197636540479E-005,0,0.0080000001,0.0005985,0,0.001,0,9.77651385344701E-005,0.4599979213,0.0307754859,46.342595286,0.7649898694,0.03132,0.004224,0.00619347,0.0022731662,0.002939177,0.0032968875,0.231542,192.5642491191,99.5389026816,9.748060452,8.1089364082,0.5431961394,22.5255827699,0,0.1612698425,36.7685045494,84.5931660911,545.3698231221,15.7905059216,9.933977276,7.3195036608,0.1465347752,0.034983893,0.0549907345,379.9518633033,32.4016656398,250.5703963126
1975,330.83,1491.7409648519,298.3260419721,0,2.7517531603,0.0005358146,1.13796488150721E-005,8.63785000937272E-005,2.81660018739142E-006,0.0109375001,0.000818262,0,0.00136719,0,8.3176472926365E-005,0.4999976115,0.0369133776,47.357695477,0.8284898729,0.033995,0.00633333,0.00748299,0.002723323,0.003407074,0.0038177825,0.256183,213.2352217976,112.3317640467,11.0957428603,8.5144065228,0.6616966789,25.179124401,0,0.1949998428,42.720016128,86.3287687274,546.1371377654,16.1594846035,10.0976857473,7.3892272793,0.2033078218,0.0516807911,0.0661434391,416.9109731459,33.5143244837,271.3020474956
1976,331.54,1509.1109619419,298.8140416591,0,2.9527832726,0.000538354,1.17101874200003E-005,0.0074327161,2.25328014991313E-005,0.0135000001,0.00100997,0,0.0016875,0,0.0003636897,0.5443803267,0.0438018694,48.2760953667,0.8872098685,0.036665,0.008736,0.00885687,0.0032153765,0.0039129575,0.0043446175,0.280537,232.9972201695,124.7307474695,12.6364353471,8.9551069761,0.8118081796,28.1961155223,0,0.2299998431,49.0417690811,87.993071842,546.791424022,16.5203743508,10.2671750277,7.4655742643,0.2775119821,0.0871569873,0.0803551436,453.1918997286,34.5952130055,292.29819823
1977,333.35,1527.680955092,299.3190414194,0,3.1589433849,0.0005408934,1.20411075405851E-005,0.0268957956,4.50656029982627E-005,0.0153125001,0.0011455699,0,0.00191406,0,0.00499715,0.5945511724,0.0514833612,49.2924950458,0.9490798607,0.039815,0.011368,0.0103053,0.0037402685,0.004452555,0.0048705675,0.304347,251.9942055389,136.7956981316,14.478717038,9.4318791526,0.9836416747,31.4077985367,0,0.2649998434,57.5372146157,89.5924745034,547.3396888764,16.8721746084,10.4426632947,7.5344138642,0.3696969725,0.1504269828,0.0982971481,489.3796618773,35.7803105088,314.1853681143
1978,335.01,1546.8909078526,299.8450410135,0,3.3700035034,0.0005434328,1.23724095017801E-005,0.054136695,6.7598404497394E-005,0.0160000001,0.0011969999,0,0.002,0,0.0101594,0.6599957319,0.0599998533,50.4394948905,1.0211598536,0.0436149999,0.0141653,0.0118185,0.0043009586,0.0050130175,0.0053888225,0.327356,270.0011859162,148.0045805224,15.963047583,9.926631329,1.1736451698,35.723577103,0,0.2987298351,68.5734006839,91.1318764462,547.7978985435,17.2137863743,10.6243515043,7.6093191534,0.4763076701,0.2302009784,0.1185080526,524.8513791928,37.1222942638,336.5062651181
1979,336.60,1566.1608470081,300.3930406724,0,3.7300036667,0.0005459722,1.14873973665395E-005,0.0849026945,9.01312059965254E-005,0.0160000001,0.0011969999,0,0.001,0,0.0146059,0.7699926321,0.1599998476,51.5573948381,1.0948198456,0.0479349999,0.017064,0.0133867,0.00488945,0.0055920875,0.0058925725,0.353214,286.4941585045,157.6384719769,17.6831270105,10.4212335054,1.3782646649,40.4890993913,0,0.3425197653,78.1817932528,92.6130815246,548.1820798544,17.5442088762,10.812538918,7.6899915003,0.5893768101,0.3151919742,0.1395290571,557.7271465372,38.8980107097,357.7624534
1980,338.70,1584.9407533385,300.9650402299,0,4.1300038684,0.0005485116,5.519381541548E-006,0.1149409939,0.000112664,0.0110000001,0.0011969999,0,5.1078084793749E-005,0,0.0177754,0.8899930408,0.2399998422,52.7226950156,1.1735098374,0.0532549999,0.02,0.015,0.0055,0.0062171875,0.0063828125,0.380096,302.1822504968,166.0775217013,20.1673884309,10.8977356591,1.5939541236,44.5514893049,0,0.4117856454,85.1592851708,94.1031727006,548.5012385236,17.8622434174,11.0074260649,7.769993808,0.7097166236,0.3941089698,0.1598960619,588.514670614,40.7576562357,377.4907670586
1981,340.06,1602.6506293857,301.5620398374,0,4.5600039481,0.000551051,1.07544043233913E-005,0.1399999942,0.0001351968,0.0030000001,0.0011969999,0,0.0001276192,0,0.0197221,0.9999936402,0.2999998368,53.9757952523,1.2601898408,0.0597849999,0.024,0.0175,0.0065151545,0.0072890625,0.0069014095,0.407822,319.4201304528,174.7385056948,23.2569732166,11.3498379776,1.8424933637,48.6622062304,0,0.5049996223,90.8291202112,95.3121946014,548.7653706983,18.1670858982,11.2098112993,7.8494016206,0.8352456832,0.468744964,0.1800000675,621.2065997582,42.6534205274,397.6777594697
1982,340.64,1618.7305322214,302.1870393361,0,4.9700038503,0.0005535905,1.27557185358912E-005,0.1599999978,0.0001577296,0.0020000001,0.0011969999,0,0.0002696555,3.74191582793151E-006,0.0208354,1.1199926188,0.3399998313,55.1093956175,1.3425698496,0.0663999999,0.028,0.0205,0.0081235103,0.008625,0.0072404987,0.437303,335.1432685482,183.2774726529,27.2989114008,11.8054408165,2.1446325837,52.7640923965,0,0.5972496164,95.1621226145,96.4502918695,548.9834749262,18.4574438353,11.4187999155,7.9349914577,0.9728992068,0.5532129563,0.2000000722,652.8969285909,44.4755153499,418.4509756525
1983,342.27,1632.6201426768,302.842038823,0,5.2700042846,0.0005561299,1.16912847967358E-005,0.179999994,0.0001802624,0.0110000001,0.0011969998,0,0.003,3.17043324861406E-005,0.0214704,1.2399930685,0.3899998252,56.1626955411,1.4098998445,0.0720399999,0.0325,0.0235,0.0099368822,0.0099682078,0.0072404987,0.469505,352.50609543,191.1673244415,30.8306733891,12.1942356018,2.4999919056,56.7864876374,0,0.6729996851,99.4379598037,97.6757894425,549.1685518748,18.7324086412,11.6338880874,8.0199963654,1.1449595299,0.65197495,0.2195000768,685.2048957663,46.1412332239,437.8700516286
1984,344.01,1643.5008612877,303.5280382996,0,5.530004525,0.0005586693,0.000003969,0.1999999939,0.0002027952,0.0170000001,0.0011969998,0,0.005,7.40227001484126E-005,0.0217531,1.3599929095,0.4499998184,57.2673951871,1.4820398292,0.0779799999,0.0375,0.027,0.011940864,0.0116949317,0.0077454004,0.504943,366.7992288925,199.9671411183,34.799226113,12.6429241718,2.8499913522,60.742489291,0,0.7217137405,103.9462236084,98.9399871073,549.3226302154,18.9907884198,11.8547775686,8.1037401661,1.2959390727,0.775712942,0.2461250819,715.6685827079,47.817446697,458.8037872786
1985,345.46,1655.9104924854,304.2470377123,0,5.8700045835,0.0005612087,8.5687743428175E-006,0.2199999976,0.0022496851,0.0170000001,0.0011969998,0,0.004,0.0001181101,0.0217833,1.4999912842,0.5199998108,58.3761952765,1.5687698307,0.0846699999,0.043,0.0305,0.0147270708,0.0140087319,0.0081025312,0.543629,383.2672494597,214.0334538083,39.6523874951,13.1441097733,3.1872909413,64.8002088514,0,0.7549997583,108.21643666,100.1819959346,549.4526883015,19.2316747312,12.0802695275,8.1999893743,1.4159816502,0.9354569333,0.2652080863,753.4494840052,49.6920163687,486.1886064367
1986,346.90,1668.7911547507,305.0020372536,0,6.3100048348,0.0005637481,1.20431927871657E-005,0.259999993,0.0197878683,0.0180000001,0.0011969998,0,0.001,0.0002603703,0.0216917,1.6499911319,0.5799998022,59.2837954089,1.6502498304,0.0906149998,0.0485,0.0345,0.0180134851,0.017,0.009501247,0.585984,402.4122216977,222.3396839892,44.6081072678,13.6997948116,3.6499905665,69.1396401838,0,0.7879217337,111.0731500631,101.6729751807,549.5567533286,19.4539757665,12.3098620071,8.2949951666,1.5741113791,1.1329799238,0.2791670914,789.5257348182,51.6238878937,508.2159471597
1987,348.77,1683.7497838907,305.7930356187,0,6.7100051283,0.0005662875,2.90353653221338E-005,0.2899999884,0.0463624451,0.0220000001,0.0011969998,0,0.0030000001,0.0006904602,0.02165,1.7999912294,0.6199997928,60.2486952311,1.7349598224,0.0961949998,0.054,0.038,0.023,0.0205,0.011,0.63326,423.3474161829,233.3356408245,50.8308207816,14.255495923,4.1055502467,73.9843971838,0,0.8391895959,114.9139043559,103.0739810307,549.6467749563,19.6565849392,12.5453465618,8.3893309544,1.7711602135,1.3463099148,0.2995001023,831.3263879355,53.5458043404,535.0792294434
1988,351.28,1693.940925271,306.6240408562,7.70886456310567E-005,7.2200058265,0.0005688269,3.18854339125897E-005,0.329999992,0.0811056741,0.0200000001,0.0011969997,0,0.0030000005,0.0014930884,0.0221585,1.969989478,0.6499997829,61.2551950704,1.8262398088,0.1022299998,0.06,0.0425,0.0285,0.0245,0.0135,0.679815,449.3231051891,244.8257554604,57.8955986163,14.7567155288,4.4944299201,79.5381365183,0,0.9504593227,120.2763622764,104.1690180119,549.720828472,19.8384146436,12.7989115003,8.4899931676,1.9729202994,1.5482199068,0.3242501032,879.9352369755,55.6976662403,564.2596491157
1989,352.89,1705.630429287,307.8310207052,0.0005449304,7.7600062001,0.0005713663,3.28440939033055E-005,0.3899999926,0.1238601991,0.0140000001,0.0011969997,0,0.003000001,0.0026153972,0.0262824,2.1499894231,0.6599997725,62.2913949836,1.9231798045,0.1094649998,0.0655,0.047,0.0355,0.0285,0.016,0.716925,468.0721730054,256.5893143051,64.4958363388,15.2125420177,4.9499895696,85.3903145499,0.0001120397,1.1215790567,124.9414038471,105.882933434,549.7808570342,19.9984098237,12.9465323254,8.5893937693,2.1840912334,1.7223599092,0.3557501022,921.4695402064,57.9299223768,593.6767118639
1990,354.07,1717.4006676309,308.6830388905,0.0077552788,8.2800060912,0.0005739057,0.0020911951,0.4399999925,0.1762028521,0.0140000001,0.0011969997,0,0.0050000015,0.0040256653,0.0338657,2.3499876816,0.6699997617,63.3211950961,2.0188898094,0.1163049994,0.071,0.0515,0.0425,0.0325,0.019,0.746377,482.7560597022,263.0851929916,70.8188335811,15.5739844104,5.4055493059,90.9835891709,0.03376847,1.4477779696,128.8259147767,106.4680288023,549.8308516582,20.1515745859,12.9088821435,8.6943397611,2.4251406978,1.876249915,0.3800001013,953.429710326,60.2143844434,616.3456527329
1991,355.35,1729.3305595936,309.2330392254,0.0758255814,8.8200061718,0.0016515197,0.0306922236,0.4899999916,0.2369413118,0.0170000001,0.0011969993,0,0.0080000021,0.0057092534,0.0411977,2.5599876037,0.6799997507,64.3460950399,2.1131498159,0.1232099992,0.077,0.056,0.051,0.0375,0.022,0.771528,493.7842067334,267.7901538072,76.4864670509,15.7520214005,5.7999890801,96.402493294,0.0664805966,2.2215265414,137.2217081212,105.8530494622,549.8710739824,20.3089442595,12.5891041669,8.8049925923,2.6651459944,2.0205999206,0.4050000994,979.8693404183,62.663497317,636.8207782687
1992,356.23,1740.1392614551,309.7250407599,0.1960056539,9.3400065195,0.0058568492,0.0948281365,0.5199999804,0.3071838482,0.0260000007,0.0011969987,0,0.0050000026,0.0076515715,0.0489389,2.7699876943,0.7099997394,65.2670954622,2.2002298295,0.1303699992,0.0825,0.061,0.0605,0.0425,0.026,0.790775,505.8679770684,270.7759345331,80.4037554033,15.8999348973,6.199989081,101.4922788951,0.1707762277,3.3005158566,134.4471787593,104.983072221,549.904907696,20.4631335701,12.1027095401,8.9149940646,2.8172022638,2.1613499261,0.4305000953,1001.5984185972,65.1344030465,650.2124837564
1993,356.92,1743.1006611263,310.0990489835,0.3649167199,9.9400076662,0.0126221992,0.1955204492,0.5699999237,0.387410932,0.0330000045,0.002393997,0,0.0010666858,0.0098379795,0.0573767,2.9899867061,0.7399997278,66.0913957005,2.2837098326,0.1383699991,0.0885,0.066,0.071,0.0465,0.03,0.804658,511.9881022059,271.1687738554,82.4162373786,16.0666394162,6.6071293855,105.4173414137,0.7146161655,4.4759853386,127.5331447847,104.3230418381,549.9418872582,20.6062784004,12.0251368556,9.0271613732,3.00582981,2.2925199316,0.4508330795,1012.3331739396,67.7904587692,657.5265244534
1994,358.25,1748.6203803449,310.8080290706,0.612369261,10.6000081401,0.0214515992,0.3277257659,0.6399997894,0.5997305259,0.0370000047,0.0023939925,0,0.0020125563,0.0122538776,0.0668142,3.2099871963,0.779999716,66.8747959584,2.3679398316,0.1480899987,0.094,0.0705,0.0820000002,0.0515,0.0345,0.816502,518.2140644404,269.6277961041,83.360270927,16.0999430784,6.9553503434,110.9444093388,2.2383394904,5.6873647786,117.3179626413,103.5700668885,545.3847258144,20.7310094151,11.9921930753,9.1316175766,3.2168917862,2.4025299372,0.465417065,1021.0865812461,70.7371377329,662.4505669811
1995,360.24,1755.2296372057,311.2790551839,1.6491992759,11.2700082021,0.0319744992,0.4816569572,0.759999549,0.8197319385,0.0420000042,0.0047879876,0,0.0040000041,0.0148846757,0.0775571,3.4299870791,0.8399997039,67.6278959898,2.4555798228,0.160489997,0.1,0.0755,0.0945000001,0.056,0.039,0.828287,524.6571057379,268.1038529932,83.8378869673,16.1374461095,7.2499920316,116.0475307585,3.7474593193,6.5446618389,104.9949907261,102.8890491184,552.4202309089,20.8296599442,11.9156277388,9.1314694402,3.439076973,2.4911099427,0.4750000438,1029.0183760262,74.603306812,666.6620599314
1996,362.00,1757.1905974304,312.2980192989,3.2318944994,11.9900081087,0.0438205992,0.6497871486,0.9399992133,0.9299358095,0.0490000108,0.0071819841,0,0.0020136203,0.0177156738,0.0898515,3.6599862371,0.8999996914,68.3605959759,2.5522598091,0.1765299947,0.106,0.081,0.109,0.0605,0.0435,0.841084,531.4080026689,266.7558396109,83.9453011158,16.2499490293,7.5574934511,124.7284975349,6.0369291482,7.8665701644,91.0049712563,102.3110409493,537.3112109595,20.8943840572,11.4321117188,9.0636757062,3.6023021082,2.5699999482,0.4862500383,1038.9799724466,79.1379866574,673.4042622847
1997,363.25,1761.5010691346,313.1830378395,5.3993079772,12.7500085365,0.0566191992,0.82481934,1.2099987745,1.0798835763,0.0600000131,0.0095759806,0,0.0040004235,0.0207322717,0.103936,3.8899864928,0.9299996785,69.0698960016,2.6610097948,0.1962999925,0.112,0.0855,0.124,0.065,0.048,0.855555,534.9630339627,265.2918521,83.5211324694,16.3624468127,7.8133245231,127.3770246715,7.7147689771,8.9599806994,77.600304966,101.2420824396,542.7740227377,20.9197688135,10.6737227082,9.140432434,3.7802957488,2.6506699537,0.490000036,1041.1678283958,84.4193783997,674.9716721636
1998,365.93,1770.2906917676,313.9070086194,8.1106314376,13.5400089072,0.0699999983,0.9994525314,1.5299981555,1.3595912976,0.0730000252,0.0131669769,0,0.0100000057,0.0263392685,0.120167,4.1099875646,0.9799996651,69.7785960474,2.7814497857,0.2195149899,0.118,0.09,0.14,0.069,0.053,0.871358,537.6670265271,263.8838628813,82.9649247173,16.3999457721,7.9541652316,134.2728229602,9.836338806,9.961479774,65.3769643084,100.3160465403,570.727349951,20.3592987111,10.2587875681,9.2546341898,3.8873608427,2.7249999592,0.4900000386,1046.231121053,90.4483076108,681.5855364078
1999,367.84,1778.199508433,314.708986387,11.1219689881,14.3000109895,0.0899999895,1.2204217227,1.9399973516,1.5396257707,0.0860000378,0.0167579733,4.14879001453945E-006,0.0110000062,0.0324154647,0.138752,4.3586436373,1.0199996511,70.4759960887,2.9081997736,0.2454949875,0.1245,0.0945,0.1565,0.073,0.058,0.888086,540.1430325506,262.5458669946,82.3826338087,16.4499540247,8.0499957534,138.6809005243,11.3847986349,11.3542867575,54.6186683112,99.3308723585,562.623165897,20.4412784594,10.2006666124,9.09377772,3.9997291529,2.8026699648,0.4900000348,1048.712244504,96.9419468226,685.5879204488
2000,369.12,1778.0101325718,315.7589947403,14.6918945524,15.120010107,0.1699999624,1.6037119141,2.429996362,2.1079475687,0.1060000506,0.0215459697,2.94564160465406E-005,0.0130000067,0.0405473595,0.158601,4.5638085813,1.0499996364,71.1734962226,3.0387097715,0.2737399859,0.13,0.0985,0.1725,0.0775,0.0625,0.905661,542.3829885756,261.1698421001,81.9984165946,16.4999639705,8.149996783,143.4614363748,13.1213984638,12.1027888648,45.6298144463,98.271969352,552.0705462065,20.0346583115,9.4546918656,8.829522994,4.1278878679,2.8623799702,0.4900000315,1051.1204552172,104.5195794001,690.4581616513
2001,370.67,1776.5307339918,316.4930127914,19.7022955787,15.880009539,0.2699999346,1.9783321055,2.9699952566,2.3026039207,0.1320000493,0.0263339659,0.0002597141,0.0190000072,0.0506596506,0.181392,4.7768470166,1.099999621,71.8547964997,3.1629197863,0.3036249844,0.1365,0.103,0.1885,0.0815,0.067,0.924034,543.1950139621,259.5498321942,81.4894280892,16.5499794968,8.2624987186,149.2573948801,14.5449983177,13.0525918345,37.9237125666,97.3579571468,542.7083239333,19.5415791897,9.3502736028,8.3548932071,4.2209084316,2.8942899753,0.4900000314,1052.9092589851,113.352895009,697.096236957
2002,372.83,1778.9609277481,317.1010163272,23.5154578533,16.5600103912,0.3899999042,2.5270122969,3.5299941212,2.9008639521,0.1590000689,0.0323189626,0.0028327895,0.030000012,0.0612875398,0.21256,4.9905075381,1.1599996047,72.5125964475,3.2808697879,0.334309982,0.1425,0.1065,0.2015,0.085,0.071,0.943718,543.655986778,257.6687914397,80.8180344648,16.5999754727,8.2999984153,154.4252700232,15.7395983217,13.6930904877,31.9174664994,96.3429666858,535.3501360464,21.3845009902,8.9403423044,8.3339091385,4.2806587525,2.9381799751,0.4900000341,1053.7356407353,121.441340668,702.5234760507
2003,375.41,1783.5898218275,317.73000649,27.5170830363,17.2600111226,0.5027138647,2.9139524882,4.2238228238,3.4885620634,0.1890000923,0.0383039597,0.0671581572,0.0600000446,0.0730678288,0.254791,5.2078669933,1.2199995857,73.2844953088,3.4251197866,0.3695579774,0.1475,0.109,0.2135,0.089,0.0745,0.965652,543.3509969206,255.4128070997,80.1018348094,16.5999526557,8.3207685239,158.9964028439,16.8900983668,14.409090192,26.7178273528,95.3453614891,538.8634622539,21.9557625684,8.9466878216,8.2225279059,4.3190083771,2.9971299562,0.4888250353,1053.5243905806,129.8941679674,707.8405878691
2004,376.99,1784.2302782703,318.3570141518,31.5447226831,18.0600134746,0.8247378238,3.5451226796,5.007921499,3.8865172582,0.2330001164,0.0442889568,0.237973921,0.1200000896,0.086722218,0.306077,5.4351964115,1.3038595554,74.1300939941,3.5779997852,0.4058839725,0.152,0.112,0.224,0.0925,0.077,0.990998,542.8479943253,253.193799627,79.2667435127,16.590060096,8.3419787733,164.7063940734,17.3345985083,15.06349299,22.2226815042,94.3884593984,537.7152341376,21.6308162281,8.981352402,8.0193307293,4.340159345,3.0359399522,0.4857220362,1053.2978621358,139.3121725827,713.9765588946
2005,378.91,1783.360414961,319.1300040531,36.6047189595,18.97001566,1.2757697828,4.231992871,5.8813801742,4.6503646031,0.2850001351,0.0502739531,0.4664568849,0.2100001126,0.1023929077,0.35,5.6560072682,1.3807695232,74.9827926794,3.6971997838,0.4401299676,0.156,0.114,0.2335,0.096,0.08,1.02075,542.1459783538,250.9148035704,78.7316192159,16.5422731772,8.3468690227,170.4794893892,17.6781986739,15.6821933925,18.5573291858,93.4156589124,538.5567708038,22.7036657277,9.2901022804,7.9312975799,4.3548271821,3.0733499591,0.4813250372,1053.4554665709,150.4298399046,721.87619467
2006,381.01,1783.4212323676,319.9330008897,40.8616586207,20.0500180932,1.6065597417,4.8289631098,6.6278389724,5.4635098119,0.3600001557,0.0610351457,0.7066208488,0.3200001485,0.1196288979,0.4,5.8918556807,1.4534794949,75.7762920152,3.7672397824,0.4643449642,0.1595,0.116,0.241,0.0995,0.0815,1.05343,540.6499663532,248.6647957464,78.1281322334,16.5144843077,8.3689091621,177.6055412245,18.4549988561,16.647892778,15.4582436436,92.314165227,536.2959017434,22.916110834,8.5470160345,7.6798686502,4.3348494977,3.118419961,0.4762690381,1053.7071714212,160.6436102664,730.3126279398
2007,382.60,1788.9513113101,320.6460136627,45.3168419999,21.2745237563,2.1004196957,5.5093836123,7.3744081949,5.8038073327,0.4300001766,0.0663756378,0.9124758119,0.4100001791,0.1382308891,0.46,6.1640031564,1.5028794903,76.4755946715,3.8644397816,0.4830769694,0.1625,0.1175,0.248,0.103,0.0835,1.0862,538.4259843488,246.41382944,77.3146407718,16.4906829242,8.3601886897,185.0205705454,19.1241988673,17.7300925208,12.8341232107,91.1294659826,544.8235375506,24.1131623195,8.8461318753,7.6516555605,4.3090167055,3.1368099613,0.4684500401,1053.9423879338,171.153859744,739.8071796394
2008,384.74,1798.4196480476,321.5749912538,49.7193407757,22.0068187668,2.7087196359,6.4292839242,8.3266159959,6.8572286354,0.5000001994,0.0746726333,1.0804997805,0.4322652158,0.1578168825,0.52,6.4535426251,1.5391694944,77.1549947531,3.9428597933,0.5037679747,0.165,0.1195,0.2535,0.107,0.085,1.11882,536.3339646171,244.4768222094,76.4736416362,16.458677367,8.3826784817,193.0975522848,19.5464989117,18.9282923785,10.935849778,89.8733686828,546.2872206507,26.4127292996,8.7471847157,7.4705383262,4.2476294112,3.156759962,0.462309045,1054.8031608715,181.9931297565,750.1117060094
2009,386.28,1802.1011798399,322.275006728,52.7659308065,22.6582141962,3.002319591,7.7060237138,9.355365263,7.0760267208,0.5700002325,0.0840067481,1.2225398032,0.4763352489,0.177476881,0.6,6.7283243397,1.5879095009,77.7338956318,4.0159998429,0.5175449799,0.1675,0.121,0.258,0.11,0.086,1.15284,533.775977412,242.460823816,75.923819958,16.4216859183,8.3890188263,200.3144866294,19.8701988038,19.9307922241,9.1452823807,88.5735729551,539.8231670185,26.1883814029,8.5430281692,7.1711126903,4.1895478755,3.1835699657,0.4620170312,1054.1652375425,191.1347701313,758.1004863953
2010,388.72,1807.8506784876,323.1409918019,57.8515366167,23.2965144267,3.9209894407,8.9631943825,10.4269839289,7.4740335259,0.6500002577,0.0905012522,1.3827497984,0.5346282576,0.1969018798,0.71,7.0102028974,1.6612594708,78.3737953356,4.0926298424,0.5396579797,0.1695,0.122,0.263,0.114,0.087,1.18872,531.2819664048,240.451809082,75.3390316656,16.4150900443,8.3863590954,207.74554767,20.6794988596,20.5368929934,7.6626656719,87.3809589952,535.3102578178,29.3465477115,8.9498619465,7.1251641942,4.1215988221,3.1960699661,0.4581970242,1054.3684916072,203.0690708081,768.7643822848
2011,390.94,1813.0702046651,324.1589801778,62.8479499911,24.1342160034,5.1719794069,10.4648049508,11.9214850802,7.8947319968,0.7400002516,0.096682127,1.5551597745,0.5557872854,0.2196788703,0.83,7.3073221142,1.7433294289,79.04059458,4.1703698468,0.5581129789,0.172,0.123,0.267,0.117,0.088,1.22618,528.5329724353,238.2458125406,74.6382338517,16.3613845025,8.3870089932,214.5593733248,21.5611988369,21.3541937447,6.3059536944,86.0587829688,534.1656108974,29.4946148642,8.9497001688,7.1064883417,4.048868135,3.2309599698,0.4507720221,1053.4544564855,216.233810713,779.1241715775
2012,393.02,1815.2612343039,325.0049911296,67.7508719459,24.9883173933,5.6421693093,11.741205774,12.8450845491,8.0376661812,0.8300002617,0.1114909406,1.7507897635,0.6353292607,0.2320358879,0.96,7.5984733276,1.8230693972,79.7891949886,4.2447998476,0.5714049797,0.1745,0.124,0.271,0.12,0.089,1.26365,525.8339697731,236.2068374413,73.9786301805,16.3402870768,8.4055292011,220.1084061648,22.5435987996,21.6198936769,5.2453308149,85.0142453656,537.6538086992,29.2996157017,8.843595631,6.9878567232,3.9642380518,3.2525399728,0.4437010204,1051.9745365602,227.8393141806,787.7664293876
2013,395.72,1822.580848515,325.9189931734,74.770062737,26.0276223263,7.5024892679,13.9466062727,14.5226825288,8.0942523529,0.9300002731,0.1217509421,1.9295397369,0.6930242711,0.2427388929,1.1,7.9108703016,1.9533192996,80.5326941963,4.3287798172,0.5865809819,0.177,0.125,0.275,0.123,0.09,1.30112,523.1149754418,234.3808680904,73.3049341476,16.3272801776,8.4212895331,226.1303638013,23.4146987596,22.2076944533,4.3636255595,83.891079213,539.6203591761,35.0478841284,9.2499930071,6.8488445374,3.8617884375,3.3059999742,0.4365260211,1051.7350527879,244.8770231634,801.3028786803
2014,397.55,1831.4710047309,326.9879929681,80.5157286968,26.8904352457,8.3369690117,15.3550076552,15.2527808909,7.7326584497,1.0056702679,0.1305708996,2.0473697326,0.7650303033,0.2472628932,1.24,8.2214330681,2.0393292836,81.0924905414,4.3987297231,0.6006629756,0.1795,0.126,0.279,0.126,0.091,1.33858,520.5809647727,233.0798702148,72.710724465,16.3065676223,8.4290092946,229.5420668659,23.8090985422,22.0756941631,3.6802712474,83.0699314852,539.5420322246,36.3475571715,9.9018423138,6.6860902727,3.7536577776,3.2976099705,0.4310620245,1049.5128779427,257.0641981041,809.186476581
