,ACCESS-ESM1-5,BCC-CSM2-MR,CanESM5-CanOE,CanESM5,CESM2,CNRM-ESM2-1,EC-Earth3-CC,GFDL-ESM4,MIROC-ES2L,MPI-ESM1-2-LR,MRI-ESM2-0,NorESM2-LM,UKESM1-0-LL
1850.5,289.32394945648144,287.6096209824877,285.11510092346316,284.3062464732903,286.60638288448956,284.539369901548,284.64966491283843,281.98182862870954,284.8929510558246,282.03238114028085,288.1113084255444,283.13815308930026,285.48560502204697
1851.5,290.0475557507679,287.3358027621411,285.74523403806364,284.6482233547559,287.29451000988496,284.70514886792233,283.82608579244965,282.4467762571414,285.1985586027476,282.15703799312854,287.4873587249534,283.533835106891,285.61950919267525
1852.5,291.2671306672527,287.26428285428796,285.7860693396314,285.05441516333303,287.52622734866173,285.3280244312461,283.191224182428,282.97922439584096,285.5834924737592,282.5875539726995,286.8595355170597,283.8167840085079,286.32089689099456
1853.5,291.69426044834023,287.89204291203475,285.6762357336172,284.9176198158237,287.59511727375065,285.02214157793816,283.39729438631855,283.6438325118221,285.9668782916335,283.81849257638294,286.93090121078853,284.5913012601689,285.8930059760422
1854.5,290.6185960144214,287.9812523108671,285.11163784749056,284.58836116869827,287.78000469517815,284.72723403570916,286.1884752257025,283.4521486741714,286.0579266620636,284.61130483880214,287.85097061299183,285.03083642919734,285.4733652219599
1855.5,290.86353290796575,287.45927249097724,284.5730917191695,284.51674352403603,288.0866126158865,284.4691794934137,287.7756174336527,282.9917229408416,286.6632142454702,285.1007377590902,288.0837074140024,284.9784000845702,285.85457494033875
1856.5,291.1890129677405,287.50140291559654,284.87484583444956,284.37585862159443,288.4713280898204,284.02371280483385,287.2709790202083,283.83057143288295,287.140476619246,285.80588693349716,287.79191822967704,284.8810319596401,286.29082040230566
1857.5,291.1810499302653,287.18258796587446,285.3741595789595,284.28531050559604,288.2529181743072,284.01736982407516,287.23008285148643,283.7229770042259,287.3772602912663,286.1115629153889,288.4449034542843,284.99398658378703,286.2154491561887
1858.5,292.09478380222686,287.37160403882194,285.8912517679394,284.1054967816178,288.2660153116325,283.7802314342768,288.12081550139624,283.5813190041655,287.4525563671423,286.20174857738897,288.6125729687266,285.34296735527363,286.1949444828183
1859.5,292.39553986846585,288.9053890609114,286.1177779796768,284.5872345352611,288.5576049706391,284.13227120645683,288.5273680575612,284.1601561950435,287.4672800157174,286.25403771809954,288.22484176926065,285.67434565265506,286.1720546225578
1860.5,291.94241888213605,288.7835326125265,286.2884890817915,284.50986619671045,289.2081787428959,284.1374230392954,288.66221720941945,283.69761156246454,288.3387497897644,285.7586878734134,288.0104499491567,285.9965881103325,286.6199030509939
1861.5,292.05215828490674,288.35141436298477,286.54671267541136,284.68709379886724,289.4924573273235,284.1332299424111,288.1530183650492,282.70450955428225,288.75172543256775,285.72864831306845,288.20447925197834,286.17092795977817,286.59687975194277
1862.5,291.80332426379266,288.84381917576405,286.19959987042006,284.7419143499631,289.4184108419293,284.82079996700656,287.4153239821666,283.57752461835395,289.13621552819353,286.1801305640354,287.82827603054,286.70160669618707,286.27191010532056
1863.5,291.95026770508997,288.93220729489707,285.8886863649988,284.9091440727137,289.5155922928348,284.6785732076215,287.38638851155747,284.7573390607059,289.31764837875954,286.50844546580817,287.39649326260536,286.9100206899038,286.1262641859172
1864.5,292.56912657377217,289.9552333634004,285.6868622320326,285.23473460045506,289.9170903201601,284.4722647624421,288.71841508139664,285.3986399404251,289.525239567682,286.4130492695629,287.52981607459884,286.74240440382283,286.739321188708
1865.5,292.6348295503447,290.1102868790468,285.6035591224119,285.53355318171737,290.07810099050914,284.29343397761664,288.9028457959104,285.2697111545414,290.0963680589065,286.4817506261435,287.7018290448636,286.65950229047195,287.3514407408439
1866.5,292.65385292584887,290.2061784510908,285.024181048441,285.54048633196686,290.35350769879324,284.584532390245,288.66753782599585,285.0116526651262,290.2709486376248,286.63476296593933,288.50685077254644,286.80503959376676,287.6538321876596
1867.5,292.33860684834883,289.9232227600433,284.35009689336744,285.30713761327405,290.32741775712304,284.8444832184033,288.8659409651926,284.99717902011446,290.37758439088776,286.9119150482044,288.9314826844012,286.94887462383554,288.38233021228893
1868.5,292.44928309895454,290.0695142274194,284.5034704237418,285.66035435057216,290.5742332884061,284.509262050787,288.20195429434676,284.8884947949391,290.29301380190327,286.9527864333382,288.44111295574504,287.2398003382894,288.4677259148156
1869.5,292.1038088785337,289.9549768015806,284.36480299152623,285.4644803365906,290.81901587777463,283.4936295051916,287.47925245185274,285.46087644400495,290.63273413632254,286.39477709840236,287.74849298036406,287.5383591257103,288.46753045504704
1870.5,292.0275558499115,289.67224616946726,284.1813556933444,285.07753025013307,290.7175645552666,283.8879669081658,289.08256679094444,284.7526474678848,290.59978456115135,286.8307019249208,287.7659691953551,287.68802604139256,288.97680951546977
1871.5,292.21567305043357,289.85466739260454,284.2183236122666,285.65127324876096,290.823264050459,283.8229331922936,290.88355951466974,285.32122784132815,290.38069621277265,287.964690097037,287.56078470734536,288.2705659018106,289.8111163621532
1872.5,292.5298370069964,289.6038170444922,284.3649976609265,286.1164427085046,291.3450326944502,284.00697896398856,291.48719702440616,287.2764784941915,290.5910454834875,288.4266392236482,287.9185404692905,288.5641913795461,290.64150318924806
1873.5,292.85143014598464,289.62789401468694,284.92962389094424,285.6027720342608,291.35546741642634,283.27405658090544,291.07521304204715,287.4733231316541,290.61803427171424,288.1484590798082,288.8674166954382,288.73638609185247,290.72852380961314
1874.5,292.7417736971033,289.87339527778437,285.6706103820521,285.8739066562211,291.48677827324406,283.9900155821525,290.8347705007513,288.03462732459616,290.42868240994187,288.16267824828185,289.746103673976,288.91906618576303,290.49408145180934
1875.5,292.0199780744875,290.1325323887958,285.4547914612559,286.0660820718804,291.85158826463805,283.86130458005573,290.86233909437414,288.80160889539206,290.79465740263413,287.70278045997406,290.0761249130049,289.0828407389532,290.24130097817397
1876.5,291.5124525277388,290.6509368166521,285.0721346829111,285.83656316126854,291.9259687587086,283.89307075287246,291.87544212575887,289.52437765089803,291.06886938099956,287.7773058854461,290.09008706381485,289.2826119832397,290.9897238979437
1877.5,292.8662934820048,290.1745670959844,285.53043780345956,285.8374015057834,292.09262815666114,284.1861550526186,292.61401550310734,289.4193499870807,291.1918387578752,288.3786769988558,289.88878380928486,289.5105281097089,291.25273390979754
1878.5,293.1715293321798,289.836976477812,286.62447753728867,286.2315357283932,292.39617912786923,284.06123452234255,291.91541362711865,288.9022682685792,290.95245571788087,289.5414621862258,289.6484844200221,289.9344029559634,290.98611629264315
1879.5,293.48533829765745,289.79249950941295,286.0201574665683,286.24968371619906,292.47991102485895,283.4876345145071,291.771408214255,288.1823574001088,290.86744469979743,289.8354754510122,289.4451688484901,290.11934718680374,290.44364383383703
1880.5,293.9929318081753,289.36712303795684,285.51620727084054,286.3928044777545,292.7743810112526,283.59639613645686,292.01878784316364,288.536490847851,291.63103016785544,290.0682495033446,289.2551499182896,290.0268795164034,290.62286137563336
1881.5,294.19992630826624,290.0433862906578,285.79087170378006,286.3324236816064,292.9941225163019,283.854097570547,292.01537241047976,289.8121004913158,292.24530743451845,290.2614131288053,289.58664888816355,289.98812536967347,290.80308357531334
1882.5,294.5059281663824,290.4424564041002,286.2707913554871,286.8677138284717,293.20587526277944,283.24604597330864,291.7820561870843,289.96715321983265,292.0891378095657,290.0418110321265,289.3923438385523,290.22321936025355,291.60748357270455
1883.5,294.23957420730886,290.82246276476207,287.2297319472571,287.50731205539137,293.66086964734245,282.7951031756754,292.3590974325046,288.96976159533443,291.73833384795415,290.09315381495395,289.376775791658,290.62030623528875,291.8604145858195
1884.5,292.55429437657295,289.5050919686715,287.25669486599344,287.81422769130387,293.7334425472769,283.01287472851595,291.1247026579995,288.3868770430486,290.78027797468553,290.49439499682376,288.7569484400912,290.5106666138772,291.1669945761448
1885.5,291.50592614781186,288.0225732357198,287.3873680220102,287.32850625693163,293.8328565318733,282.74943492499824,289.8147513084148,288.37170208856804,290.6167546423033,290.72370652638205,288.86168194072,290.4640055690963,290.8802157135187
1886.5,292.06326561370923,287.5311676369469,287.8860106128639,286.8859566993565,293.90035210245446,282.4285877844729,290.47585170424037,288.612322004736,290.52300302083677,290.59423443355473,289.15028856673337,290.5382449373447,290.9045250882321
1887.5,292.57081005289064,287.42118862989645,287.9355451677544,286.7631610104436,293.99558444897553,282.6248581719634,291.211988865091,290.0183125154115,290.5834967733734,290.63065889650227,288.72736081671263,290.5872255629203,291.71730618495855
1888.5,292.99943240705886,288.09439091523143,288.44464581614534,286.9236103909165,294.2504764266025,282.94507767882624,291.7553864652367,291.84865365393676,290.8598021743927,290.94080093041845,288.7625225693641,290.75847264313285,291.49086859417713
1889.5,293.1314729570767,289.13404053508714,288.427121245132,287.51517482087013,294.31048116443094,283.5645355839534,292.8386617919682,291.01431145115123,290.7238459121495,291.8524836012481,289.2179424769788,291.1928344792912,291.29553276549956
1890.5,292.48833927951205,289.36642726601605,288.3998017592615,286.94996567295726,294.8174302322483,283.8445599988212,293.8060279229911,289.5169480639159,291.50542709756957,292.3014886444495,288.85457789943706,291.29652069127644,291.4801311121523
1891.5,292.72492775940333,289.69641425112485,288.72559283636457,287.4159792129015,295.3234389593661,283.4993863312037,293.56969234800414,290.00993899682135,292.03015928541225,291.83443181406693,288.43983868396185,291.3615462404179,291.8103856040464
1892.5,292.378847326363,288.645817873241,288.8179610665966,287.7754704726285,295.6271594657285,283.79568423286594,293.0508695952899,291.21934450129214,292.20881419857596,292.064589812301,289.0956244187064,291.539007188809,292.14710317123235
1893.5,291.4229668480817,288.6206979477188,288.9915256360628,288.30682452415357,295.7727587686199,283.10761404540636,293.78973526138765,291.96170117923157,292.42113334748154,292.5213811226,289.24587791368356,291.87014755662955,292.26897406823855
1894.5,290.8558065116204,288.9256295777937,288.99541051179625,289.41769148684085,296.36860325547065,283.9192630056994,293.8724919304154,292.19435532552524,292.52953340990433,293.1546489760386,289.74616430884674,291.9674439142656,291.9079759481976
1895.5,291.36536087826886,289.4646817891049,289.3278692857986,289.43572954137693,296.8021737864257,284.32637579101913,294.54689851484324,292.7751102361915,292.2617776254772,293.8523946103691,290.28496450187413,292.05438662597936,291.89498150491244
1896.5,291.8018591692136,290.0434507944955,289.9621310148281,289.61220646858254,297.2578113540771,283.5776295012897,295.937568476219,292.8185333085272,292.4548568687853,293.90509841261945,290.04379349873324,292.5259990598228,292.5260169509099
1897.5,292.58980049376646,290.45999674740347,290.269466987111,289.4355958200574,297.49267342345235,283.42743307138073,296.8242512645019,292.5861692533536,292.8633869739436,293.59995820537637,290.5901795475242,293.0837508090434,293.5868449425996
1898.5,293.9617433165348,290.3455703193,290.0795432532173,289.441979083651,297.65767441866126,283.8471570631399,296.54419016372805,293.18746308381475,293.13764419194234,293.2478118275225,290.6235184571127,293.20103839890686,293.67504567347873
1899.5,294.8038835072332,290.6919600286754,289.59967277458867,289.07113742537706,298.1304282635711,283.7235654502615,296.30767797179516,294.46058134508036,293.851553077519,293.82565181199294,290.40964940128237,293.7006360127706,293.79514442769135
1900.5,295.07091281045416,291.04117311936375,289.2065042812493,289.0229883550891,298.24251576840754,283.98933195310707,296.59746394819496,295.30303064054516,294.17187362317037,294.06237152086004,290.6434702322653,294.07744128006857,294.34985288300135
1901.5,294.9159819261731,291.247573484819,289.0188481820922,289.7730057229761,298.38608148058194,284.14903585049467,296.63471911538136,295.65208473597943,294.4601838676473,294.18936009736535,290.79931215514597,294.16005902795956,294.8146852634944
1902.5,294.773872527954,290.6634921127304,289.04938855043497,290.50417224094156,298.7111061157167,283.73226526863726,296.0270048812948,295.97321220738297,294.7197958844445,294.39774559165613,291.42897394920664,294.50500159833587,295.2391076674134
1903.5,294.26306076771886,289.666175558859,289.7062333837635,291.07451490205085,299.02991059250064,283.74357387579226,296.23347670350745,296.83693168186534,294.8491705805301,294.1138787854827,292.0744399701798,294.98123914261674,295.6610436019671
1904.5,293.2850449265324,289.21480323806713,291.1142057426574,291.17201479790066,299.2330878737836,283.8970997892092,296.512056749111,296.5867497677003,295.0224125823167,295.02470167733145,291.66889556649903,295.36929037830225,296.04488629366153
1905.5,292.5202378743213,289.5653274919212,291.377280031328,291.3898628255181,299.70456751467924,284.07885979050394,296.16437399768057,296.1790375429679,295.0444176452506,295.4792933504918,291.6807751510805,295.79820055206324,295.4386325653026
1906.5,293.2147383074345,289.64222984596,291.2554710173859,291.84129674583625,300.05021944127907,283.9372075368312,297.13618386199255,295.40164664163007,295.20865761152186,296.0846060236953,292.7473468792217,296.0829418682329,295.92277117233965
1907.5,294.58144561538234,289.80039809134433,291.5733346288545,291.98705796032044,300.29235915563794,284.47330637622355,298.5264397614746,295.76121749387056,295.6656443002177,295.7859267647311,293.23767714900976,296.3338220581578,296.6096813271464
1908.5,294.94958870630137,289.6552453412879,291.9074672221815,291.61227590029574,300.6186374385462,284.3853286619304,299.67868470520114,296.8705315429319,296.94145560742044,295.85127624359126,293.3682200910688,296.4185861350111,296.9378821166111
1909.5,295.5818829525439,290.20408098022006,293.1793493270822,291.5325596461527,300.99059041817674,283.8278884246964,300.65214176423973,296.7170128552099,297.80354556252,295.89214391378175,293.46631510837653,296.5634664175299,297.08426097243296
1910.5,295.71809398367054,290.304555045261,293.5463312833228,291.94166399658207,301.0673691694841,283.55829373178176,300.9483595820301,297.2388452035389,297.86715394145483,296.4650451836848,293.99699131758433,297.1511924895949,297.43695760597717
1911.5,295.87316870709594,289.7105333736114,293.607476322054,292.7584712747759,301.4560104326438,284.25739999956045,301.3605747944018,299.720817668526,297.87723605171317,297.06030942703256,294.4431803390892,297.3818869606293,298.1646505891763
1912.5,295.7017592709581,289.53977970113374,293.2421247654136,293.71010705768384,301.8712334883723,284.47434882414314,300.80605940757334,299.27665865286184,297.848946315511,297.60891533426764,294.0874277134572,297.6586160048732,298.63901959226627
1913.5,296.6783025706148,289.78345471852765,293.4309352588386,293.80009820047275,302.5652962088792,284.53629980043337,300.61294031474193,298.6128041568613,297.98955580189653,297.9502710741344,293.9519928603428,297.9467819223235,299.2472679935152
1914.5,297.4095289702051,290.0082131532828,293.85423772094947,292.95931466927567,302.81952355080176,284.6733932947133,300.69642545547424,299.80950944267437,298.20037432897567,298.66459332152374,294.2463718609886,298.36014130126557,299.80918483290185
1915.5,297.4874611393877,290.3478081136179,293.4647307118564,293.29629236494736,302.96147156483676,284.8141479918081,301.65163581937605,300.8896084421535,298.4676137810635,299.44150931597943,294.15973942643717,299.08580577875443,300.1876120809933
1916.5,296.71639654424234,291.12457759754625,293.1057184944136,293.38769108339375,303.1556915554308,285.67707991969223,302.63161129613553,301.51063806193207,298.3575834121205,299.8787526998783,294.2485704856556,299.42843566058394,300.6578181750739
1917.5,296.55917359143126,290.9145366372528,293.3892352292229,294.1531612571651,303.58333194631297,285.8108828957566,303.37809652282806,301.2933819356954,299.1134307461999,299.9884461492689,294.6463599060768,299.865079537749,301.20596617011483
1918.5,296.8241917120709,291.00227034619206,293.972282580881,294.23048968306506,303.95542014573647,285.89257125718854,303.66140053602504,300.994106759491,299.533395613763,300.1031908063787,295.2472000900845,300.0678638108417,301.5644484768701
1919.5,298.2933442876971,290.82493384773045,294.7755097031591,294.1465961885811,304.0712929922064,285.7451918822753,305.0185926831897,301.7066104635564,300.0915179374495,300.93769526505525,295.5385264003789,300.15938246279256,302.27628482007805
1920.5,299.3069155025968,291.3543494590545,295.96903151934924,294.73725445932604,304.6125214401528,285.7714455996719,306.4929128687016,302.3173264489187,300.42086553826465,301.14252668703637,296.3141800045893,300.7115026377639,302.72200831285585
1921.5,298.3574531668647,291.1597632291854,296.4184839843911,295.7499936287831,304.80492173530854,285.64376810077056,306.83474540763893,302.62835656123684,300.2841658161416,301.7678485010983,297.4576813489066,301.2739648272748,302.7647324567672
1922.5,298.1300533069617,291.44464756382223,296.182692468497,296.1075296808631,305.4471025250557,285.52526840641633,307.4236539935688,303.5415432202607,300.3775537110631,301.5033811235178,297.88998839835233,301.48951808486345,302.93895174905145
1923.5,298.61944120871146,291.60731228881207,296.59118279490787,295.998250633832,306.1006217414941,285.55372710039785,308.2654282182341,305.0580763835847,300.9582073327331,301.1906308652672,297.83621343607365,302.07110805602184,303.4348927497662
1924.5,298.52210949724594,291.8828571578628,296.4595104791089,296.2289810145376,306.80756728806193,285.79748349607985,308.5558758237812,304.64679092741966,301.91286560220067,302.3973061396144,297.4515436368018,302.30745163016684,303.98828914925843
1925.5,299.1099396288803,291.9943697670858,297.05117064835116,296.50191481628707,307.49565932346695,286.20133772359935,309.0993894567629,304.55876111658716,302.04070502871934,303.17338489393427,297.90481812559995,302.3266534528267,304.33950582763345
1926.5,299.5137924613897,291.93150130485435,298.0774408167121,296.30675625095716,308.0523138318237,286.4903718806588,309.1460728310888,305.29300134826804,302.08830343921954,302.9597522912954,298.8964179084229,302.6302027475615,304.6928919340998
1927.5,299.2905783747032,292.21769632592293,298.37441123889164,296.3365368022579,308.4332583547037,286.71895717234736,309.3823898785613,305.59951165012,302.6473175219019,303.16224099866304,299.72021921665197,303.0953265020539,304.5531510725998
1928.5,299.6817943925759,292.2566126382548,298.81290001935434,296.98260009931533,308.69231040724,287.2616112601658,309.97589876348866,306.21891391051895,303.0502751861768,303.5018028805216,299.62432971841804,303.48431017789267,304.86849522744944
1929.5,300.0122626819095,293.00810559146913,300.1624132241016,297.69245097524674,309.22446336982097,287.268722240373,311.0620761434937,306.3943364975283,303.6115770148411,303.64860520324834,299.4849139962649,303.9490091633105,305.071936756371
1930.5,299.9663502356126,292.84143178268687,300.914417976965,297.8910474186141,309.68424883337525,287.3570658194512,312.6015049981576,305.8119100684441,303.70586126630417,304.2503497862892,299.6127969687207,304.4494983075405,305.63154160094746
1931.5,300.3329346868322,293.28260111471326,300.2862601468117,297.1164454453489,309.7034179474614,287.3172993384325,312.33868175126844,305.8904836446278,304.1345433696395,304.8337256773849,299.9959115337773,304.9677081989806,306.1917519098303
1932.5,300.51711004700303,294.30547752525604,300.24636141881973,297.79978523436154,310.34844907926646,286.94343721007004,312.1198412629619,307.1931527969709,304.4762509942616,305.222473917083,300.1802313674103,305.23395290248703,306.37804683517146
1933.5,300.26257322839075,294.86851624331706,300.60143715517097,298.5006487127025,310.55309467274253,287.15090500403835,313.60141644852627,308.062535283776,305.3364122863714,305.24105009455076,300.8805871847334,305.6420555967337,306.42938533260934
1934.5,300.3607790850507,294.98599967441584,301.27450251999477,298.7204450466254,311.0028228291331,287.4595436512141,315.40375748288403,308.5788182302875,306.51602570340634,305.16496250047754,300.51919814977833,306.2364193521119,306.1206809994153
1935.5,300.98411719711856,294.9725810548388,302.0674328687313,298.7656043839054,311.72412044620916,287.4009529607005,316.43143271889295,308.843981948832,307.2053732037876,305.57571442585095,300.60326862273865,306.67486946595204,306.63536255325204
1936.5,301.1597430735144,295.4427009385588,302.4417772174921,299.97014126987835,312.32505568332255,287.3485258113214,316.0443358808457,308.558776645127,307.28077768748625,305.91612382464933,301.40901585643337,307.10144148500444,307.0787877948121
1937.5,302.0948985718746,296.1138543064004,302.5863326368206,300.17218526543286,312.90257616046244,287.80192996735695,315.94624478566675,309.0199606851461,307.353683978223,306.2806764177754,301.9633810224894,307.87701996782175,307.3505872080098
1938.5,303.24213413630633,296.89665287039946,302.4327405318339,300.32232917722797,313.2582767149995,288.70733430311867,317.4483547933202,309.69308662904166,308.16949479100884,307.5071052924775,301.9349191325088,308.326344649178,308.04916629517885
1939.5,304.1707289922327,297.3955941692717,302.0436815725996,301.29436722286295,313.5958593484558,288.9053455212726,318.36124115510756,310.4306182260668,308.98138754437315,308.33126945601,302.50531362890297,308.5985201473239,309.4109934253842
1940.5,304.72796172110816,297.1638678315786,302.47389812277015,301.3585135375745,314.2189670290394,288.89632083085064,319.29440457089675,310.4868335974484,309.7397205308986,308.6115900078873,303.2375723953429,309.4516119242871,310.67891873440556
1941.5,305.10718477549625,297.1887336412496,303.61353197362456,302.0947272896778,315.094399264076,289.2329183338427,320.19284367597015,310.7144008799689,310.11145440541793,309.2090791887489,303.37187114585015,310.3327621860297,311.0668589850522
1942.5,304.82756040855617,297.34766712420594,303.9015491806102,302.4047051912277,315.5604995911207,289.5943495593676,321.3145292289602,312.68693994330516,310.94720067040925,309.16926658678125,303.6619194593868,311.16049347759724,311.5986883612533
1943.5,304.46863090506224,297.81236062213077,304.1779103254418,302.5904405302787,316.02298187602446,289.3609537771096,322.40189225397955,313.21892596760904,312.065786132531,308.7864362627994,304.17124534495485,311.58941651944133,311.7879681016369
1944.5,305.1596752704928,298.30927147261394,304.51866666261736,303.38810178894744,316.4148428476821,290.0782233929154,322.111929411531,313.4902130995987,312.21702389162317,309.2254837469925,304.46584094288477,312.1036371833466,311.9889792060879
1945.5,305.7044389971454,298.25286865219977,304.2234483214755,303.588166397651,316.6052714399296,290.82371303094897,321.65483984671187,314.10948052192714,311.9905655282475,309.4856900188307,305.0025991423219,312.47519653689204,311.9668503177154
1946.5,305.7405316565761,298.49392430217245,304.5851148894377,304.9139866106637,317.06688210131114,291.0505563357928,322.3504170441166,314.05994998640716,312.10165538069026,310.6603325640148,306.2065855571162,312.8254039546828,312.09353200388017
1947.5,305.6087499312122,299.15046997406273,304.9618962556681,305.6588287602871,318.2615439406438,291.2661316331643,323.64424475752577,314.41530637939485,312.34578798100995,312.4359403501044,306.3350077282839,313.2302878563068,313.24527992803263
1948.5,305.68146982530527,299.4653224038995,306.28123109064455,305.6398172014547,318.9037336928274,291.80445833060236,325.45651899121214,315.1604465121064,312.7222736753634,312.01961450129556,306.38427821151294,313.6555444394609,314.4591075918801
1949.5,306.0260100890883,300.3174513408128,307.17851056679734,306.5639252715531,319.390451976234,291.84000706626523,326.2245733798135,315.7631320995956,313.9144461234821,311.44017548820733,306.9205292827826,314.2934362029191,314.82221931838467
1950.5,306.3816077134749,300.58611678632195,307.1933624609912,307.6414833958824,320.1691107726464,291.55963362121696,327.23944314879117,315.51793264165553,314.7192661800957,311.93503789880907,307.2618493984168,315.06982647285,315.0390585366753
1951.5,307.18249690041574,301.3315380916176,307.7720296765852,307.9227900777051,321.12189994529723,291.8404563143934,329.0216839371492,316.4664398018208,315.40267922163014,313.2325257135589,307.8615636346921,315.8612196525456,315.6982272763085
1952.5,308.000111075005,301.34064964883066,307.89787310719095,308.2913903406508,321.98690147782787,292.5286121733044,330.12300303674436,318.2398432579068,315.91692399700867,314.93554515204994,308.7221441658383,316.5965315836201,316.3777067263943
1953.5,308.98165152140615,301.717678259913,308.7234961369184,308.8611060060662,322.63506504654214,293.38011627856264,330.6333223629461,318.56412320769914,316.99918981261646,315.5061499243637,309.3013090671095,317.4719607076467,317.3984980161363
1954.5,309.4311992474231,302.11972523701866,309.44390853401677,310.0630481371452,323.53906462031586,293.21938769640263,332.2109301293584,318.9607827105366,318.0135374691562,314.5391361630092,309.3607630480097,318.3201358634189,317.56947326270466
1955.5,309.997803255284,302.5085207500441,309.7724162759102,310.812636816168,324.35860149527025,293.00236116349447,334.3036764882266,320.2885818649323,318.542416878643,314.3467298411111,309.773683472976,319.1482923790537,317.92352244268346
1956.5,311.1841469712932,303.10920116629507,310.2507697158641,311.17863894565886,325.43715411619365,294.08282064368245,334.5113774427075,322.00283766922024,318.8387907099311,315.3602904409018,310.45317317929454,319.9181439474564,319.0113120826471
1957.5,311.6164560752025,303.8676521745942,311.65440549253407,313.2807364834923,326.5462692592174,294.81050860160224,335.29963493487253,323.43411660848216,319.9589815639367,316.5392600994036,310.7135803402631,320.75470300684225,320.6996507304732
1958.5,311.982692639559,304.30850588231004,312.9857279828406,314.8970168454504,327.44898041736815,295.37550567628523,336.64074423385966,324.21684879036985,321.3133094440412,317.66366884721657,312.2232495175953,321.6194369069212,321.0403391038404
1959.5,312.36303038457237,304.8940318207989,314.52336501446763,315.76342179074226,328.27743003906824,295.89480746283937,337.8143415160217,324.8350081604121,322.28775656681455,318.4549932551046,313.62959451627387,322.43791628703906,321.6507746227173
1960.5,312.52335189578105,305.68637548383884,316.2973909012651,316.56044478049364,329.6433941748172,296.15047321160006,339.3584353389502,326.0482083565453,322.5183721679978,319.05127743851256,313.80449632941213,323.61935378004137,323.0332333239284
1961.5,313.4301977487917,305.7714815184657,317.08747855418613,317.19546635313196,330.07619002152757,296.589292891327,340.39292315273127,326.73207390345874,322.7447011433299,319.9731999014181,314.2086252006811,324.53074321378944,324.38108204299346
1962.5,313.9522134307409,306.2953004095389,317.9100920420938,317.6779455831703,330.9973788422667,296.87527614386613,341.033901654064,327.1489283578419,324.40663240080227,320.88094022432625,314.8727355583556,325.249702261287,324.5910139936335
1963.5,314.55299730401225,306.93195626283597,318.7181782311042,318.6659876177487,332.1096797418642,297.17091422281436,341.99725234869544,328.03771767596777,325.04186942770167,321.7922036116694,315.5307965573004,326.1430755069205,325.46108377969375
1964.5,314.43413303640585,307.3681565991645,319.5790280172435,320.0186937328579,333.35544788829463,297.5609554007344,342.4409145024753,328.9844269683576,324.9454616385351,323.2045636927205,316.09786890627896,326.65963583384064,326.42207599649623
1965.5,314.4775126229352,307.3545202593329,320.2123937776195,322.02674875278535,334.46469819626816,297.68590824501734,343.4092546227001,330.10704295962444,324.39203672235095,325.22094765818065,317.52273260853275,327.41164691925854,327.6363154566474
1966.5,315.58601760346306,307.7991901061529,321.2155492940605,323.0143262960695,335.6141524502754,298.07049157044537,344.2461035070087,330.5136372494118,324.71649107053514,326.13317468016754,318.37262852972515,328.6707571821556,328.81599250076965
1967.5,316.7795244677325,308.5026140725825,321.7767912335777,323.73259968635585,336.3888401521329,297.85908307812866,345.91709887942164,332.0473151644604,325.63843352724126,326.63085083439057,319.2603531509417,329.8964681640163,329.8828090120448
1968.5,317.4098452738741,309.104534722028,322.59818256417026,325.03223512346875,337.43408189862737,297.87672117040296,347.41232077286367,333.4191549452886,325.712506767072,327.80042538526186,320.13808597306047,330.8615955924918,330.77934439456754
1969.5,318.72442837753766,309.9557428191622,324.02814648532365,325.94920687874213,339.0180703409668,298.00984919109004,348.72447071942514,334.36712841837095,326.4816651720062,329.50384777754556,320.37416248559197,332.3910748417685,331.4505434204524
1970.5,319.8984918187321,311.1295997381923,325.9875649854932,326.43648246667254,340.3015665646801,298.89743138982857,350.387440254491,334.9423128268061,326.8318357223476,330.8122140338979,321.59514283785666,334.2641911929292,333.50079443781135
1971.5,320.32810749896305,311.6661718890388,327.797663583705,327.6672728844232,341.30116049846333,299.20825064745713,351.810734139728,336.2334051691183,327.7233444288461,331.2157906230904,323.20432134586594,335.4160389965277,335.41070148493816
1972.5,321.3048895659579,312.82264764791216,329.7643285311221,329.61632016051846,342.4394466901479,300.1954768907821,353.5083531086438,338.58898848244485,329.0576251623681,332.2904781769582,324.29606520573805,336.27409585527175,336.82675674582805
1973.5,322.682961972039,313.2377524607016,331.50464276437145,331.42375706231616,344.03071568072056,300.6949216749279,355.59574643948275,340.4957514224268,330.616896427722,334.2138619137558,326.06796914551876,337.4990050171619,338.8241565378267
1974.5,324.34851926076055,313.832277035769,332.1992868965726,332.91892870787325,345.41973260556364,301.33527673611223,357.09878030890775,340.85085957031305,331.30613269289574,335.5400259826712,327.8512226326691,339.0794099159713,341.2207116363112
1975.5,325.6572879557994,315.4229192192908,332.78244882288607,335.1145954804842,346.85936692755723,302.45286532885643,357.53478208515844,341.3247876675348,331.70285843541745,336.0240964369092,328.7540918235023,340.417077115583,342.84089386360967
1976.5,326.5416684645652,316.5762397284776,335.04599976933247,336.7018435564377,348.2761525514615,302.5976097767835,358.8119481582787,344.2101163026163,332.6682347694289,337.9025910933249,329.4351917735924,342.012752240387,343.7083024031824
1977.5,328.07511881182876,317.70778101657453,336.6984151329501,337.6997334877981,349.48429227413976,302.6351152313946,360.5264677072062,346.94491117723766,333.345874195885,340.0582156290019,330.456588290288,343.26830244399855,344.93380237173346
1978.5,329.36552533929176,319.5716504660266,338.03441759280383,338.15022856647255,350.7676422240162,303.8094820493904,362.0212328930387,348.4752750537415,334.3515491975402,341.61387774933974,331.0402212120719,344.65313537542977,346.74549969238285
1979.5,331.0793447188708,320.26686542138475,339.85358621844443,339.7206398559771,352.3039874441959,304.833730946304,363.81357982577373,349.61995729873377,335.42603627118274,342.428835824382,332.16370274776483,346.2793876292868,348.98979634544867
1980.5,333.2185033889364,321.2663247991446,341.7493298433253,341.23726180107064,353.98367092714483,305.23552124564236,365.6326646643441,351.98752617637444,336.32553391798405,343.9153766951414,334.11817166882145,348.0672626787452,350.2302771945408
1981.5,334.85942599697296,322.65324121726326,344.11428771158927,342.9903078121061,355.1023104389767,306.21390589147694,367.532411063502,354.2320173187679,337.50373456794773,344.9245761872175,335.12804723233734,349.4899196718,351.82932163079005
1982.5,335.95603419451584,323.7845319283774,347.01481301365317,344.8124969991781,356.3785875086506,306.93111984396637,368.41610382470657,355.1020316956574,339.1485897563527,347.19256519810426,335.6578270650898,350.8147628935453,353.5990046481512
1983.5,336.79235189265944,325.0272753333417,348.9748567969907,346.6548032389285,357.9819956570261,307.5483936663298,370.3223493405534,355.8225174537082,339.8086936318269,349.6735660360305,337.18662000672026,351.9381066391322,354.89831454486125
1984.5,338.1731991683741,325.3878287001117,349.8120680324128,348.8381205542058,359.3958680264123,308.2506746310852,371.1070338700561,357.3349562497642,340.40688886860977,350.9507782035794,338.8367048345788,352.7819986146922,355.6621337827849
1985.5,339.91419980646674,326.4471648029275,350.20432929757294,350.95051028620446,360.96495003134515,308.8779707092724,371.7914354917221,359.2077253289052,341.6586383109169,351.5598751553451,340.08904795002655,354.06964309940423,356.6867500160338
1986.5,340.6740280983003,327.48917230750925,352.0788208027448,352.4142060685828,362.53373490049523,309.9182457433585,373.8297588837938,360.5495504902717,343.21782896948787,352.8988324229009,340.90045498143974,355.81351474788863,358.4634289722666
1987.5,341.47662702898714,329.1890554959343,354.0455098004191,353.507638244912,363.6919645471483,310.9164561667483,376.38896736295305,362.1996820590622,344.6656270945175,355.0854741010788,342.7985201466535,357.3958960254384,359.43760674738706
1988.5,342.77861878814326,330.69951117000613,355.5608474309798,355.6278171083397,365.45682651358896,311.47613526798045,377.8609320995499,363.7557233377514,346.12154333180274,357.5037795750283,344.09572617014004,358.6817780948671,361.00797346032454
1989.5,344.0465307423027,331.71795519083184,356.87469275753455,357.82069773812697,367.5199636169219,313.009723017147,380.52864873403087,366.6813561079595,346.74446866016797,358.08669991316947,345.1570908043244,360.3989711319777,362.8424651539196
1990.5,345.728590977369,332.98167274709573,358.7605751929109,359.2048598953227,368.93264180911837,314.35231392347595,382.39467688374293,368.97063887070397,348.0255245033115,359.00193591768283,346.7345291527438,361.6984235341382,365.0705454884815
1991.5,347.323312738815,333.9250914821516,361.43190910070007,361.5827706853711,370.3246817771991,314.9960292757191,383.1345393016527,370.3354089377783,349.3704356616725,360.9193696523126,348.4240523783216,363.3291881541435,366.9093468100044
1992.5,347.6923181132718,334.16478920498395,363.5992716422733,362.45403682168376,371.78329717184425,315.07383460067217,382.6335750806576,371.1287842607647,350.44961651223565,363.062987167917,348.90857086429065,364.75614995020777,367.889365280291
1993.5,348.55779863993166,334.3310444761288,365.4817329721631,362.8006147157587,373.12368122660524,315.8821439436474,383.0837549210179,371.7404915160134,351.215391549097,364.8044670143274,348.8752202884632,365.7657517004101,368.70517864093705
1994.5,350.095438195889,334.8010530824106,366.5812153307225,363.80909827921226,374.2837602861882,316.24571322505363,385.3579246516515,373.72531476767256,351.9478257583081,365.45603070785063,349.90064692514557,366.8622989392103,369.7307981235474
1995.5,351.52214739985027,335.9157761224421,367.5280867459879,365.60881555050486,375.5796486617929,317.6259570499817,388.14052009317896,375.75760416891666,352.59559002072956,365.9499271593663,352.09262729315174,368.09441262655355,371.1447875126937
1996.5,353.569937993591,337.7891838170725,369.48874390807697,367.14126664148245,377.032208837927,318.89074575971733,389.00796051186586,377.9510416168928,353.6836565996275,368.2192042193773,354.109423562024,369.85164012646726,373.47789235670336
1997.5,355.1334162930078,338.92327716763305,370.66877381415935,369.4760748043766,378.3750986055998,320.07939591190114,390.4930211556762,380.27277343570495,355.0805860281651,370.6121220205729,355.3261308078494,371.4652362885183,375.73524849136584
1998.5,356.97989145371463,340.51645457520067,371.9731656631375,372.18448563145995,380.0637946357263,321.22177978519187,392.86117771425234,381.7229026747226,356.5018189405766,371.643795336827,356.46997158304646,373.22574321067117,377.46057277386114
1999.5,358.87111336511873,341.73882924614253,374.20485178600825,374.0416754736268,381.6121982229002,322.2221795456071,395.41433576415363,383.72662253914916,357.79802331581936,373.06317650161986,357.78330685429626,375.38308218921964,378.96283277383196
2000.5,360.7328682653839,343.48923731084955,375.9439703691498,375.26537412720114,382.7931519916038,323.4321294213012,397.26474326937443,384.5947877158743,359.2632654012084,374.64902313330174,359.9290151014654,377.0097961824555,380.6232464116142
2001.5,362.979998103834,344.7727819042104,378.7421610154108,377.18892372134496,384.24248658980997,324.7565193252464,399.4371826103282,385.80846842161793,361.02362358296847,376.573628097705,361.01556847429316,378.1811108738114,382.19561848066996
2002.5,365.1825496723137,346.5820569828312,382.2681789104697,379.24300867657524,386.4525195006448,325.2545385109365,400.6534948372432,388.4683025127018,362.35903908893266,378.5186086953559,361.43613063459514,379.7001187561789,384.36874794160894
2003.5,367.2869701928225,348.1680501536707,384.0889685594621,381.71796311580664,388.3078434856394,327.2225516538669,402.48844069540297,390.3505748981843,363.9954706379017,381.3860291729282,362.0876959655849,381.5458589038017,386.6097618771683
2004.5,369.1159422532778,349.21436532657395,384.7683001380896,383.31031735465996,390.82035074105187,328.963093872168,404.76857926899646,391.54807277822727,366.13902576377467,383.5135597405248,364.06799520196085,383.3346281036563,389.1925043566262
2005.5,371.18925347249154,350.36136151353634,386.63149079102527,385.32190210781476,392.79909720672765,330.4314186894153,407.58709753684934,393.7206596253433,367.9653801630501,384.27030732882855,366.23095599761064,385.1799901156971,390.7877799558272
2006.5,372.7831934597293,352.57430415246233,390.0372536100214,388.2563312345963,394.7383140818965,332.5816801475173,409.71998036723005,396.2959826496757,369.42864748545526,385.9861831642124,367.6588779287348,387.0450266570305,392.5943250754693
2007.5,374.5369421782663,354.1199901064614,392.54260083249886,390.28673960465227,397.05939898759317,334.1666053216521,411.9180147440646,399.1585580009586,371.7439354279162,388.0416724913975,369.1276394514473,389.32600472046744,395.31096735557225
2008.5,377.21243881331463,356.1136035224247,395.2921891716935,392.0210164765556,399.670404696042,335.96083327138854,414.60041919952164,401.41984468953956,374.38456422822503,391.1318629570411,369.79657440686316,391.46739131130624,397.86496599737063
2009.5,379.4670384278994,357.6499740543873,397.69534297612205,394.7589062858015,401.51250977446733,337.41213355824414,416.63445895966356,404.629369196512,376.00808370554853,392.919352820745,371.0519739148132,393.7555861407637,399.630190804996
2010.5,381.76253435194695,358.98065137216605,400.58923605748623,397.90291743988547,404.0795779178463,339.55674799825556,418.44102369965776,407.80539708841746,377.16211213513003,394.57595072584576,372.9396683394836,396.48864004911,401.7070837678315
2011.5,384.9092654893238,360.7060889857287,402.90681943630744,400.4944040212708,407.62830659980557,341.6337260599522,421.1217804064165,410.06712993664615,378.7598532678073,397.119427815638,375.1491855887264,399.4075783977107,405.3407358346422
2012.5,387.7046137194964,363.59706053695703,404.54828901530186,402.97092374146547,409.7254917957538,343.86019138726226,423.66591059272594,412.85425277062893,381.549312930112,400.5680857748143,377.38397732636633,401.7232886950936,408.2248719259975
2013.5,389.6794257223079,366.26656043685233,407.34876196886233,406.6166231317375,412.08574591864794,345.6979222796895,427.4179933157871,416.1410354250811,384.32324719305046,403.5388540886391,379.22723454565454,403.9870172038897,410.4081136731736
2014.5,392.2074114410602,368.30918768275797,409.7569814178589,410.0534728046186,415.0675708752133,348.0200539224229,431.8550160313155,419.3452922621145,385.9967796252242,406.32757617928064,381.20098264137863,406.5741312010064,412.9112176602771
